company_name,occurrences,role_buckets,sources,evidence_available,proposed_domain,confidence,safe_to_add_automatically,notes
"Johnson & Johnson Services, Inc.",2,engineering;operations,Johnson & Johnson Careers,first_party_careers_host:careers.jnj.com,,manual_review_first_party_host,no,first-party careers host observed (careers.jnj.com) but acronym/brand mismatch - MANUAL verify before adding
Philip Morris International U.S.,1,marketing,Philip Morris International Careers,first_party_careers_host:join.pmicareers.com,,manual_review_first_party_host,no,first-party careers host observed (join.pmicareers.com) but acronym/brand mismatch - MANUAL verify before adding
HII's Mission Technologies division,1,engineering,HII Mission Technologies,first_party_careers_host:jobs.hii-tsd.com,,manual_review_first_party_host,no,first-party careers host observed (jobs.hii-tsd.com) but acronym/brand mismatch - MANUAL verify before adding
VTG,1,operations,VTG,first_party_careers_host:careers.vtgdefense.com,,manual_review_first_party_host,no,first-party careers host observed (careers.vtgdefense.com) but acronym/brand mismatch - MANUAL verify before adding
HP,1,customer_support,Careers At HP,first_party_careers_host:apply.hp.com,,manual_review_first_party_host,no,first-party careers host observed (apply.hp.com) but acronym/brand mismatch - MANUAL verify before adding
CFS,2,customer_support;finance,Monster,aggregator_only,,name_only_no_evidence,no,"recognizable brand, NO safe domain evidence in artifact"
Bright Vision Technologies,2,engineering;gtm_revenue,Built In;LinkedIn,aggregator_only,,name_only_no_evidence,no,"recognizable brand, NO safe domain evidence in artifact"
Cosmoquick,2,ecommerce;marketing,CosmoQuick,aggregator_only,,name_only_no_evidence,no,"recognizable brand, NO safe domain evidence in artifact"
Jobgether,2,customer_success;gtm_revenue,BeBee;Digitalhire,aggregator_only,,name_only_no_evidence,no,"recognizable brand, NO safe domain evidence in artifact"
NVIDIA,2,engineering;gtm_revenue,LinkedIn;himalayas,aggregator_only,,name_only_no_evidence,no,"recognizable brand, NO safe domain evidence in artifact"
Cherry Bekaert,2,engineering;gtm_revenue,LinkedIn;himalayas,aggregator_only,,name_only_no_evidence,no,"recognizable brand, NO safe domain evidence in artifact"
University of Pittsburgh,1,marketing,Women For Hire- Job Board,aggregator_only,,name_only_no_evidence,no,"recognizable brand, NO safe domain evidence in artifact"
HiredBuddy,1,engineering,LinkedIn,aggregator_only,,name_only_no_evidence,no,"recognizable brand, NO safe domain evidence in artifact"
"Innovative Refrigeration Systems, Inc.",1,marketing,LinkedIn,aggregator_only,,name_only_no_evidence,no,"recognizable brand, NO safe domain evidence in artifact"
"American-Nurses-Association,-Inc",1,marketing,Digitalhire,aggregator_only,,name_only_no_evidence,no,"recognizable brand, NO safe domain evidence in artifact"
Community Options,1,people_hr,BeBee,aggregator_only,,name_only_no_evidence,no,"recognizable brand, NO safe domain evidence in artifact"
Center for Sleep and Wake Disorders,1,gtm_revenue,BeBee,aggregator_only,,name_only_no_evidence,no,"recognizable brand, NO safe domain evidence in artifact"
META,1,engineering,AI Search,aggregator_only,,name_only_no_evidence,no,"recognizable brand, NO safe domain evidence in artifact"
LVT,1,product,Startup Jobs,aggregator_only,,name_only_no_evidence,no,"recognizable brand, NO safe domain evidence in artifact"
FIRSTLIGHT,1,engineering,JobTarget,aggregator_only,,name_only_no_evidence,no,"recognizable brand, NO safe domain evidence in artifact"
GIBBON North America,1,marketing,Digitalhire,aggregator_only,,name_only_no_evidence,no,"recognizable brand, NO safe domain evidence in artifact"
Cocomint Inc.,1,marketing,LinkedIn,aggregator_only,,name_only_no_evidence,no,"recognizable brand, NO safe domain evidence in artifact"
Paired,1,marketing,Jobgether,aggregator_only,,name_only_no_evidence,no,"recognizable brand, NO safe domain evidence in artifact"
College of Coastal Georgia,1,marketing,HigherEdJobs,aggregator_only,,name_only_no_evidence,no,"recognizable brand, NO safe domain evidence in artifact"
"Serenity Info Tech, Inc.",1,engineering,Haystackapp.io,aggregator_only,,name_only_no_evidence,no,"recognizable brand, NO safe domain evidence in artifact"
Green Bay Packaging - Corporate,1,engineering,Women For Hire- Job Board,aggregator_only,,name_only_no_evidence,no,"recognizable brand, NO safe domain evidence in artifact"
State of South Carolina,1,operations,GovernmentJobs.com,aggregator_only,,name_only_no_evidence,no,"recognizable brand, NO safe domain evidence in artifact"
Minnesota Department of Human Services,1,people_hr,LinkedIn,aggregator_only,,name_only_no_evidence,no,"recognizable brand, NO safe domain evidence in artifact"
"Unique Industries, Inc.",1,people_hr,Indeed,aggregator_only,,name_only_no_evidence,no,"recognizable brand, NO safe domain evidence in artifact"
4M Building Solutions,1,gtm_revenue,Monster,aggregator_only,,name_only_no_evidence,no,"recognizable brand, NO safe domain evidence in artifact"
FMG,1,gtm_revenue,LinkedIn,aggregator_only,,name_only_no_evidence,no,"recognizable brand, NO safe domain evidence in artifact"
Bjak,1,marketing,ZipRecruiter,aggregator_only,,name_only_no_evidence,no,"recognizable brand, NO safe domain evidence in artifact"
HT Travels,1,customer_support,LinkedIn,aggregator_only,,name_only_no_evidence,no,"recognizable brand, NO safe domain evidence in artifact"
CARROLL INDEPENDENT FUEL COMPANY,1,customer_support,Paycom Paycomonline.net,aggregator_only,,name_only_no_evidence,no,"recognizable brand, NO safe domain evidence in artifact"
MCI Careers,1,customer_support,MCI Job Openings,aggregator_only,,name_only_no_evidence,no,"recognizable brand, NO safe domain evidence in artifact"
NATIONAL GEOSPATIAL-INTELLIGENCE AGENCY,1,engineering,USAJobs,aggregator_only,,name_only_no_evidence,no,"recognizable brand, NO safe domain evidence in artifact"
GSA,1,engineering,LinkedIn,aggregator_only,,name_only_no_evidence,no,"recognizable brand, NO safe domain evidence in artifact"
DLA Information Operations J6,1,engineering,USAJobs,aggregator_only,,name_only_no_evidence,no,"recognizable brand, NO safe domain evidence in artifact"
State of Washington,1,engineering,GovernmentJobs.com,aggregator_only,,name_only_no_evidence,no,"recognizable brand, NO safe domain evidence in artifact"
VA Maine Healthcare System,1,finance,USAJobs,aggregator_only,,name_only_no_evidence,no,"recognizable brand, NO safe domain evidence in artifact"
City of Annapolis (MD),1,finance,GovernmentJobs.com,aggregator_only,,name_only_no_evidence,no,"recognizable brand, NO safe domain evidence in artifact"
Dobbs Defense Solutions,1,finance,LinkedIn,aggregator_only,,name_only_no_evidence,no,"recognizable brand, NO safe domain evidence in artifact"
ACY Yachts,1,finance,BeBee,aggregator_only,,name_only_no_evidence,no,"recognizable brand, NO safe domain evidence in artifact"
CC-NAF-W6BD20 IMCOM FMWR HQ,1,finance,USAJobs,aggregator_only,,name_only_no_evidence,no,"recognizable brand, NO safe domain evidence in artifact"
Commercial Express HVAC,1,finance,BeBee,aggregator_only,,name_only_no_evidence,no,"recognizable brand, NO safe domain evidence in artifact"
job,1,operations,BeBee,aggregator_only,,name_only_no_evidence,no,"recognizable brand, NO safe domain evidence in artifact"
SkillersZone LLC,1,operations,Career.com,aggregator_only,,name_only_no_evidence,no,"recognizable brand, NO safe domain evidence in artifact"
Covetrus North America LLC,1,engineering,Startup Jobs,aggregator_only,,name_only_no_evidence,no,"recognizable brand, NO safe domain evidence in artifact"
POLITICO,1,marketing,LinkedIn,aggregator_only,,name_only_no_evidence,no,"recognizable brand, NO safe domain evidence in artifact"
NineTwoThree AI Studio,1,engineering,LinkedIn,aggregator_only,,name_only_no_evidence,no,"recognizable brand, NO safe domain evidence in artifact"
Schneider Electric,1,customer_support,LinkedIn,aggregator_only,,name_only_no_evidence,no,"recognizable brand, NO safe domain evidence in artifact"
Howard County Public School System,1,people_hr,Workday,aggregator_only,,name_only_no_evidence,no,"recognizable brand, NO safe domain evidence in artifact"
SURVICE Engineering Company,1,engineering,SURVICE Engineering Company Jobs,aggregator_only,,name_only_no_evidence,no,"recognizable brand, NO safe domain evidence in artifact"
CWILL,1,customer_success,LinkedIn,aggregator_only,,name_only_no_evidence,no,"recognizable brand, NO safe domain evidence in artifact"
Amalie Oil Company,1,people_hr,LinkedIn,aggregator_only,,name_only_no_evidence,no,"recognizable brand, NO safe domain evidence in artifact"
"PEG, LLC",1,people_hr,Recruit.net,aggregator_only,,name_only_no_evidence,no,"recognizable brand, NO safe domain evidence in artifact"
RISE Network,1,customer_support,LinkedIn,aggregator_only,,name_only_no_evidence,no,"recognizable brand, NO safe domain evidence in artifact"
Sam's Club,1,customer_support,LinkedIn,aggregator_only,,name_only_no_evidence,no,"recognizable brand, NO safe domain evidence in artifact"
Philadelphia Insurance Companies,1,customer_support,LinkedIn,aggregator_only,,name_only_no_evidence,no,"recognizable brand, NO safe domain evidence in artifact"
IONOS,1,customer_success,LinkedIn,aggregator_only,,name_only_no_evidence,no,"recognizable brand, NO safe domain evidence in artifact"
Baylor College of Medicine,1,gtm_revenue,LinkedIn,aggregator_only,,name_only_no_evidence,no,"recognizable brand, NO safe domain evidence in artifact"
CROSSMEDIA,1,engineering,LinkedIn,aggregator_only,,name_only_no_evidence,no,"recognizable brand, NO safe domain evidence in artifact"
INEOS,1,customer_success,LinkedIn,aggregator_only,,name_only_no_evidence,no,"recognizable brand, NO safe domain evidence in artifact"
Cox Communications,1,engineering,AI Search,aggregator_only,,name_only_no_evidence,no,"recognizable brand, NO safe domain evidence in artifact"
9025 CVS Shared Services Resources LLC,1,gtm_revenue,ats_workday,aggregator_only,,name_only_no_evidence,no,"recognizable brand, NO safe domain evidence in artifact"
NY_SPHP27 Samaritan Hospital,1,gtm_revenue,ats_workday,aggregator_only,,name_only_no_evidence,no,"recognizable brand, NO safe domain evidence in artifact"
UM01 University of Maryland College Park (UMCP),1,gtm_revenue,ats_workday,aggregator_only,,name_only_no_evidence,no,"recognizable brand, NO safe domain evidence in artifact"
"4515 Industrial Metrology Solutions, LLC",1,gtm_revenue,ats_workday,aggregator_only,,name_only_no_evidence,no,"recognizable brand, NO safe domain evidence in artifact"
Phillips Corporation,1,gtm_revenue,ats_workable,aggregator_only,,name_only_no_evidence,no,"recognizable brand, NO safe domain evidence in artifact"
Lifelancer,1,gtm_revenue,himalayas,aggregator_only,,name_only_no_evidence,no,intermediary/staffing - exclude
Mindrift,1,gtm_revenue,himalayas,aggregator_only,,name_only_no_evidence,no,intermediary/staffing - exclude
Akamai Technologies,1,gtm_revenue,himalayas,aggregator_only,,name_only_no_evidence,no,"recognizable brand, NO safe domain evidence in artifact"
ServiceNow,1,gtm_revenue,himalayas,aggregator_only,,name_only_no_evidence,no,"recognizable brand, NO safe domain evidence in artifact"
"Stride, Inc.",1,gtm_revenue,himalayas,aggregator_only,,name_only_no_evidence,no,"recognizable brand, NO safe domain evidence in artifact"
Syneos Health India Private Limited,1,gtm_revenue,himalayas,aggregator_only,,name_only_no_evidence,no,"recognizable brand, NO safe domain evidence in artifact"
Crowdstrike,1,gtm_revenue,himalayas,aggregator_only,,name_only_no_evidence,no,"recognizable brand, NO safe domain evidence in artifact"
Sedgwick,1,gtm_revenue,himalayas,aggregator_only,,name_only_no_evidence,no,"recognizable brand, NO safe domain evidence in artifact"
Choice,1,gtm_revenue,himalayas,aggregator_only,,name_only_no_evidence,no,"recognizable brand, NO safe domain evidence in artifact"
TripleTen,1,gtm_revenue,himalayas,aggregator_only,,name_only_no_evidence,no,"recognizable brand, NO safe domain evidence in artifact"
Bamboo Works,1,gtm_revenue,himalayas,aggregator_only,,name_only_no_evidence,no,"recognizable brand, NO safe domain evidence in artifact"
Kintsugi AI,1,gtm_revenue,himalayas,aggregator_only,,name_only_no_evidence,no,"recognizable brand, NO safe domain evidence in artifact"
Cotiviti,1,gtm_revenue,himalayas,aggregator_only,,name_only_no_evidence,no,"recognizable brand, NO safe domain evidence in artifact"
Welo Global,1,gtm_revenue,himalayas,aggregator_only,,name_only_no_evidence,no,"recognizable brand, NO safe domain evidence in artifact"
Trillium Health Resources,1,gtm_revenue,himalayas,aggregator_only,,name_only_no_evidence,no,"recognizable brand, NO safe domain evidence in artifact"
Databricks,1,gtm_revenue,himalayas,aggregator_only,,name_only_no_evidence,no,"recognizable brand, NO safe domain evidence in artifact"
iCodde,1,gtm_revenue,himalayas,aggregator_only,,name_only_no_evidence,no,"recognizable brand, NO safe domain evidence in artifact"
"Arrow Electronics, Inc.",1,gtm_revenue,himalayas,aggregator_only,,name_only_no_evidence,no,"recognizable brand, NO safe domain evidence in artifact"
SAMC SitusAMC Holdings Corp,1,gtm_revenue,himalayas,aggregator_only,,name_only_no_evidence,no,"recognizable brand, NO safe domain evidence in artifact"
Projector Creative&amp;Tech Online Institute,1,gtm_revenue,himalayas,aggregator_only,,name_only_no_evidence,no,"recognizable brand, NO safe domain evidence in artifact"
USA The Nature Conservancy,1,gtm_revenue,himalayas,aggregator_only,,name_only_no_evidence,no,"recognizable brand, NO safe domain evidence in artifact"
Milliman,1,gtm_revenue,himalayas,aggregator_only,,name_only_no_evidence,no,"recognizable brand, NO safe domain evidence in artifact"
Strada,1,gtm_revenue,himalayas,aggregator_only,,name_only_no_evidence,no,"recognizable brand, NO safe domain evidence in artifact"
Nokia,1,gtm_revenue,himalayas,aggregator_only,,name_only_no_evidence,no,"recognizable brand, NO safe domain evidence in artifact"
Blue Cross Blue Shield of Michigan,1,gtm_revenue,himalayas,aggregator_only,,name_only_no_evidence,no,"recognizable brand, NO safe domain evidence in artifact"
C10 Labs,1,gtm_revenue,himalayas,aggregator_only,,name_only_no_evidence,no,"recognizable brand, NO safe domain evidence in artifact"
ELVTR,1,gtm_revenue,himalayas,aggregator_only,,name_only_no_evidence,no,"recognizable brand, NO safe domain evidence in artifact"
The Ohio State University,1,gtm_revenue,himalayas,aggregator_only,,name_only_no_evidence,no,"recognizable brand, NO safe domain evidence in artifact"
Flagstar Bank,1,gtm_revenue,himalayas,aggregator_only,,name_only_no_evidence,no,"recognizable brand, NO safe domain evidence in artifact"
The Church of Jesus Christ of Latter-day Saints,1,gtm_revenue,himalayas,aggregator_only,,name_only_no_evidence,no,"recognizable brand, NO safe domain evidence in artifact"
TheHiveCareers,1,gtm_revenue,himalayas,aggregator_only,,name_only_no_evidence,no,"recognizable brand, NO safe domain evidence in artifact"
Granicus,1,gtm_revenue,himalayas,aggregator_only,,name_only_no_evidence,no,"recognizable brand, NO safe domain evidence in artifact"
Aurrera Health Group,1,gtm_revenue,himalayas,aggregator_only,,name_only_no_evidence,no,"recognizable brand, NO safe domain evidence in artifact"
"ExactCare Pharmacy, LLC",1,gtm_revenue,himalayas,aggregator_only,,name_only_no_evidence,no,"recognizable brand, NO safe domain evidence in artifact"
mercor,1,gtm_revenue,himalayas,aggregator_only,,name_only_no_evidence,no,"recognizable brand, NO safe domain evidence in artifact"
NightOwl Consulting,1,gtm_revenue,himalayas,aggregator_only,,name_only_no_evidence,no,"recognizable brand, NO safe domain evidence in artifact"
Fortive,1,gtm_revenue,himalayas,aggregator_only,,name_only_no_evidence,no,"recognizable brand, NO safe domain evidence in artifact"
"J29, Inc",1,gtm_revenue,himalayas,aggregator_only,,name_only_no_evidence,no,"recognizable brand, NO safe domain evidence in artifact"
Hitapps,1,gtm_revenue,himalayas,aggregator_only,,name_only_no_evidence,no,"recognizable brand, NO safe domain evidence in artifact"
Premier Inc.,1,gtm_revenue,himalayas,aggregator_only,,name_only_no_evidence,no,"recognizable brand, NO safe domain evidence in artifact"
The Cigna Group,1,gtm_revenue,himalayas,aggregator_only,,name_only_no_evidence,no,"recognizable brand, NO safe domain evidence in artifact"
Quicken Loans,1,gtm_revenue,himalayas,aggregator_only,,name_only_no_evidence,no,"recognizable brand, NO safe domain evidence in artifact"
Cisco,1,gtm_revenue,himalayas,aggregator_only,,name_only_no_evidence,no,"recognizable brand, NO safe domain evidence in artifact"
micro1,1,gtm_revenue,himalayas,aggregator_only,,name_only_no_evidence,no,"recognizable brand, NO safe domain evidence in artifact"
Twilio,1,gtm_revenue,himalayas,aggregator_only,,name_only_no_evidence,no,"recognizable brand, NO safe domain evidence in artifact"
Descript,1,gtm_revenue,weworkremotely,aggregator_only,,name_only_no_evidence,no,"recognizable brand, NO safe domain evidence in artifact"
Skinventory,1,gtm_revenue,remoteok,aggregator_only,,name_only_no_evidence,no,"recognizable brand, NO safe domain evidence in artifact"
Siemens Healthineers,1,gtm_revenue,himalayas,aggregator_only,,name_only_no_evidence,no,"recognizable brand, NO safe domain evidence in artifact"
For Our Future Action Fund,1,gtm_revenue,himalayas,aggregator_only,,name_only_no_evidence,no,"recognizable brand, NO safe domain evidence in artifact"
Legend,1,gtm_revenue,himalayas,aggregator_only,,name_only_no_evidence,no,"recognizable brand, NO safe domain evidence in artifact"
Tempus,1,gtm_revenue,himalayas,aggregator_only,,name_only_no_evidence,no,"recognizable brand, NO safe domain evidence in artifact"
SailPoint,1,gtm_revenue,himalayas,aggregator_only,,name_only_no_evidence,no,"recognizable brand, NO safe domain evidence in artifact"
Customertimes,1,gtm_revenue,himalayas,aggregator_only,,name_only_no_evidence,no,"recognizable brand, NO safe domain evidence in artifact"
talentpluto,1,gtm_revenue,himalayas,aggregator_only,,name_only_no_evidence,no,intermediary/staffing - exclude
BSI,1,gtm_revenue,himalayas,aggregator_only,,name_only_no_evidence,no,"recognizable brand, NO safe domain evidence in artifact"
Reserv,1,gtm_revenue,himalayas,aggregator_only,,name_only_no_evidence,no,"recognizable brand, NO safe domain evidence in artifact"
ShopMy,1,gtm_revenue,himalayas,aggregator_only,,name_only_no_evidence,no,"recognizable brand, NO safe domain evidence in artifact"
Precision for Medicine,1,gtm_revenue,himalayas,aggregator_only,,name_only_no_evidence,no,"recognizable brand, NO safe domain evidence in artifact"
Haweo,1,gtm_revenue,himalayas,aggregator_only,,name_only_no_evidence,no,"recognizable brand, NO safe domain evidence in artifact"
Defy Medical,1,gtm_revenue,himalayas,aggregator_only,,name_only_no_evidence,no,"recognizable brand, NO safe domain evidence in artifact"
eCapital,1,gtm_revenue,himalayas,aggregator_only,,name_only_no_evidence,no,"recognizable brand, NO safe domain evidence in artifact"
HBX Group,1,gtm_revenue,himalayas,aggregator_only,,name_only_no_evidence,no,"recognizable brand, NO safe domain evidence in artifact"
ABN Innovations,1,gtm_revenue,himalayas,aggregator_only,,name_only_no_evidence,no,"recognizable brand, NO safe domain evidence in artifact"
Dijital Team Pty Ltd,1,gtm_revenue,himalayas,aggregator_only,,name_only_no_evidence,no,"recognizable brand, NO safe domain evidence in artifact"
Jito Foundation,1,gtm_revenue,himalayas,aggregator_only,,name_only_no_evidence,no,"recognizable brand, NO safe domain evidence in artifact"
Red Hat,1,gtm_revenue,himalayas,aggregator_only,,name_only_no_evidence,no,"recognizable brand, NO safe domain evidence in artifact"
EPS Learning,1,gtm_revenue,himalayas,aggregator_only,,name_only_no_evidence,no,"recognizable brand, NO safe domain evidence in artifact"
Hraymo,1,gtm_revenue,himalayas,aggregator_only,,name_only_no_evidence,no,"recognizable brand, NO safe domain evidence in artifact"
Mosaic Health,1,gtm_revenue,himalayas,aggregator_only,,name_only_no_evidence,no,"recognizable brand, NO safe domain evidence in artifact"
Fit4Me,1,gtm_revenue,himalayas,aggregator_only,,name_only_no_evidence,no,"recognizable brand, NO safe domain evidence in artifact"
Redwood Software,1,gtm_revenue,himalayas,aggregator_only,,name_only_no_evidence,no,"recognizable brand, NO safe domain evidence in artifact"
Guidehealth,1,gtm_revenue,himalayas,aggregator_only,,name_only_no_evidence,no,"recognizable brand, NO safe domain evidence in artifact"
AbbVie,1,gtm_revenue,himalayas,aggregator_only,,name_only_no_evidence,no,"recognizable brand, NO safe domain evidence in artifact"
HireVue Inc,1,gtm_revenue,himalayas,aggregator_only,,name_only_no_evidence,no,"recognizable brand, NO safe domain evidence in artifact"
Protective,1,gtm_revenue,himalayas,aggregator_only,,name_only_no_evidence,no,"recognizable brand, NO safe domain evidence in artifact"
"Turnitin, LLC",1,gtm_revenue,himalayas,aggregator_only,,name_only_no_evidence,no,"recognizable brand, NO safe domain evidence in artifact"
Hone Health,1,gtm_revenue,himalayas,aggregator_only,,name_only_no_evidence,no,"recognizable brand, NO safe domain evidence in artifact"
Clickhouse,1,gtm_revenue,himalayas,aggregator_only,,name_only_no_evidence,no,"recognizable brand, NO safe domain evidence in artifact"
Power Digital Marketing,1,gtm_revenue,himalayas,aggregator_only,,name_only_no_evidence,no,"recognizable brand, NO safe domain evidence in artifact"
Sopra Steria,1,gtm_revenue,himalayas,aggregator_only,,name_only_no_evidence,no,"recognizable brand, NO safe domain evidence in artifact"
Globalization Partners,1,gtm_revenue,himalayas,aggregator_only,,name_only_no_evidence,no,"recognizable brand, NO safe domain evidence in artifact"
Macy's,1,gtm_revenue,himalayas,aggregator_only,,name_only_no_evidence,no,"recognizable brand, NO safe domain evidence in artifact"
Sedgwick Claims Management Services Inc.,1,gtm_revenue,himalayas,aggregator_only,,name_only_no_evidence,no,"recognizable brand, NO safe domain evidence in artifact"
Software Mind,1,gtm_revenue,himalayas,aggregator_only,,name_only_no_evidence,no,"recognizable brand, NO safe domain evidence in artifact"
WSP Africa,1,gtm_revenue,himalayas,aggregator_only,,name_only_no_evidence,no,"recognizable brand, NO safe domain evidence in artifact"
Kavak,1,gtm_revenue,himalayas,aggregator_only,,name_only_no_evidence,no,"recognizable brand, NO safe domain evidence in artifact"
Everise,1,gtm_revenue,himalayas,aggregator_only,,name_only_no_evidence,no,"recognizable brand, NO safe domain evidence in artifact"
Trans Lifeline,1,gtm_revenue,himalayas,aggregator_only,,name_only_no_evidence,no,"recognizable brand, NO safe domain evidence in artifact"
Sphera,1,gtm_revenue,himalayas,aggregator_only,,name_only_no_evidence,no,"recognizable brand, NO safe domain evidence in artifact"
Sumer,1,gtm_revenue,himalayas,aggregator_only,,name_only_no_evidence,no,"recognizable brand, NO safe domain evidence in artifact"
Checkmarx,1,gtm_revenue,himalayas,aggregator_only,,name_only_no_evidence,no,"recognizable brand, NO safe domain evidence in artifact"
Vaya Health,1,gtm_revenue,himalayas,aggregator_only,,name_only_no_evidence,no,"recognizable brand, NO safe domain evidence in artifact"
Centene Corporation,1,gtm_revenue,himalayas,aggregator_only,,name_only_no_evidence,no,"recognizable brand, NO safe domain evidence in artifact"
Zillow Group,1,gtm_revenue,himalayas,aggregator_only,,name_only_no_evidence,no,"recognizable brand, NO safe domain evidence in artifact"
Mekari,1,gtm_revenue,himalayas,aggregator_only,,name_only_no_evidence,no,"recognizable brand, NO safe domain evidence in artifact"
Venon Solutions,1,gtm_revenue,himalayas,aggregator_only,,name_only_no_evidence,no,"recognizable brand, NO safe domain evidence in artifact"
Securly,1,gtm_revenue,himalayas,aggregator_only,,name_only_no_evidence,no,"recognizable brand, NO safe domain evidence in artifact"
Comcast,1,gtm_revenue,himalayas,aggregator_only,,name_only_no_evidence,no,"recognizable brand, NO safe domain evidence in artifact"
DEPT®,1,gtm_revenue,himalayas,aggregator_only,,name_only_no_evidence,no,"recognizable brand, NO safe domain evidence in artifact"
Riskonnect,1,gtm_revenue,himalayas,aggregator_only,,name_only_no_evidence,no,"recognizable brand, NO safe domain evidence in artifact"
Navitus Health Solutions,1,gtm_revenue,himalayas,aggregator_only,,name_only_no_evidence,no,"recognizable brand, NO safe domain evidence in artifact"
SiTime,1,gtm_revenue,himalayas,aggregator_only,,name_only_no_evidence,no,"recognizable brand, NO safe domain evidence in artifact"
Symbria,1,gtm_revenue,himalayas,aggregator_only,,name_only_no_evidence,no,"recognizable brand, NO safe domain evidence in artifact"
Epic Staffing Group,1,gtm_revenue,himalayas,aggregator_only,,name_only_no_evidence,no,intermediary/staffing - exclude
Array,1,gtm_revenue,himalayas,aggregator_only,,name_only_no_evidence,no,"recognizable brand, NO safe domain evidence in artifact"
Barclays,1,gtm_revenue,himalayas,aggregator_only,,name_only_no_evidence,no,"recognizable brand, NO safe domain evidence in artifact"
Tidelands Health,1,gtm_revenue,himalayas,aggregator_only,,name_only_no_evidence,no,"recognizable brand, NO safe domain evidence in artifact"
PCI Pharma Services,1,gtm_revenue,himalayas,aggregator_only,,name_only_no_evidence,no,"recognizable brand, NO safe domain evidence in artifact"
Abacus Consulting,1,gtm_revenue,himalayas,aggregator_only,,name_only_no_evidence,no,"recognizable brand, NO safe domain evidence in artifact"
Siteline,1,gtm_revenue,himalayas,aggregator_only,,name_only_no_evidence,no,"recognizable brand, NO safe domain evidence in artifact"
Solflare,1,gtm_revenue,himalayas,aggregator_only,,name_only_no_evidence,no,"recognizable brand, NO safe domain evidence in artifact"
Qurate Retail Group,1,gtm_revenue,himalayas,aggregator_only,,name_only_no_evidence,no,"recognizable brand, NO safe domain evidence in artifact"
Arco Educação,1,gtm_revenue,himalayas,aggregator_only,,name_only_no_evidence,no,"recognizable brand, NO safe domain evidence in artifact"
Growe,1,gtm_revenue,himalayas,aggregator_only,,name_only_no_evidence,no,"recognizable brand, NO safe domain evidence in artifact"
GitLab,1,gtm_revenue,himalayas,aggregator_only,,name_only_no_evidence,no,"recognizable brand, NO safe domain evidence in artifact"
United-Biosource-Corporation,1,gtm_revenue,himalayas,aggregator_only,,name_only_no_evidence,no,"recognizable brand, NO safe domain evidence in artifact"
Cardinal Health,1,gtm_revenue,himalayas,aggregator_only,,name_only_no_evidence,no,"recognizable brand, NO safe domain evidence in artifact"
Ryz Labs,1,gtm_revenue,himalayas,aggregator_only,,name_only_no_evidence,no,"recognizable brand, NO safe domain evidence in artifact"
SolutionHealth,1,gtm_revenue,himalayas,aggregator_only,,name_only_no_evidence,no,"recognizable brand, NO safe domain evidence in artifact"
Ubiminds,1,gtm_revenue,himalayas,aggregator_only,,name_only_no_evidence,no,"recognizable brand, NO safe domain evidence in artifact"
Reddit,1,gtm_revenue,himalayas,aggregator_only,,name_only_no_evidence,no,"recognizable brand, NO safe domain evidence in artifact"
CECO Environmental,1,gtm_revenue,himalayas,aggregator_only,,name_only_no_evidence,no,"recognizable brand, NO safe domain evidence in artifact"
Newfold Digital,1,gtm_revenue,himalayas,aggregator_only,,name_only_no_evidence,no,"recognizable brand, NO safe domain evidence in artifact"
DataRobot,1,gtm_revenue,himalayas,aggregator_only,,name_only_no_evidence,no,"recognizable brand, NO safe domain evidence in artifact"
EverDriven,1,gtm_revenue,himalayas,aggregator_only,,name_only_no_evidence,no,"recognizable brand, NO safe domain evidence in artifact"
Ergomed,1,gtm_revenue,himalayas,aggregator_only,,name_only_no_evidence,no,"recognizable brand, NO safe domain evidence in artifact"
Twingate,1,gtm_revenue,himalayas,aggregator_only,,name_only_no_evidence,no,"recognizable brand, NO safe domain evidence in artifact"
Ipas,1,gtm_revenue,himalayas,aggregator_only,,name_only_no_evidence,no,"recognizable brand, NO safe domain evidence in artifact"
GAF,1,gtm_revenue,himalayas,aggregator_only,,name_only_no_evidence,no,"recognizable brand, NO safe domain evidence in artifact"
"Zoom Communications, Inc.",1,gtm_revenue,himalayas,aggregator_only,,name_only_no_evidence,no,"recognizable brand, NO safe domain evidence in artifact"
Wiley,1,gtm_revenue,himalayas,aggregator_only,,name_only_no_evidence,no,"recognizable brand, NO safe domain evidence in artifact"
Brafton,1,gtm_revenue,himalayas,aggregator_only,,name_only_no_evidence,no,"recognizable brand, NO safe domain evidence in artifact"
Via,1,gtm_revenue,himalayas,aggregator_only,,name_only_no_evidence,no,"recognizable brand, NO safe domain evidence in artifact"
FleetPride,1,gtm_revenue,himalayas,aggregator_only,,name_only_no_evidence,no,"recognizable brand, NO safe domain evidence in artifact"
Pacvue,1,gtm_revenue,himalayas,aggregator_only,,name_only_no_evidence,no,"recognizable brand, NO safe domain evidence in artifact"
LUZA Group,1,gtm_revenue,himalayas,aggregator_only,,name_only_no_evidence,no,"recognizable brand, NO safe domain evidence in artifact"
Western Alliance Bank,1,gtm_revenue,himalayas,aggregator_only,,name_only_no_evidence,no,"recognizable brand, NO safe domain evidence in artifact"
"Galileo, Inc.",1,gtm_revenue,himalayas,aggregator_only,,name_only_no_evidence,no,"recognizable brand, NO safe domain evidence in artifact"
ASU Preparatory Academy,1,gtm_revenue,himalayas,aggregator_only,,name_only_no_evidence,no,"recognizable brand, NO safe domain evidence in artifact"
Cerence,1,gtm_revenue,himalayas,aggregator_only,,name_only_no_evidence,no,"recognizable brand, NO safe domain evidence in artifact"
Trane Technologies,1,gtm_revenue,himalayas,aggregator_only,,name_only_no_evidence,no,"recognizable brand, NO safe domain evidence in artifact"
Filevine,1,gtm_revenue,himalayas,aggregator_only,,name_only_no_evidence,no,"recognizable brand, NO safe domain evidence in artifact"
VendueTech,1,gtm_revenue,himalayas,aggregator_only,,name_only_no_evidence,no,"recognizable brand, NO safe domain evidence in artifact"
Honu Services,1,gtm_revenue,himalayas,aggregator_only,,name_only_no_evidence,no,"recognizable brand, NO safe domain evidence in artifact"
PureCars,1,gtm_revenue,himalayas,aggregator_only,,name_only_no_evidence,no,"recognizable brand, NO safe domain evidence in artifact"
Pigment,1,gtm_revenue,himalayas,aggregator_only,,name_only_no_evidence,no,"recognizable brand, NO safe domain evidence in artifact"
Forge Performance Group,1,gtm_revenue,himalayas,aggregator_only,,name_only_no_evidence,no,"recognizable brand, NO safe domain evidence in artifact"
Bluelight Consulting,1,gtm_revenue,himalayas,aggregator_only,,name_only_no_evidence,no,"recognizable brand, NO safe domain evidence in artifact"
Armanino LLP,1,gtm_revenue,himalayas,aggregator_only,,name_only_no_evidence,no,"recognizable brand, NO safe domain evidence in artifact"
LCTCS,1,gtm_revenue,himalayas,aggregator_only,,name_only_no_evidence,no,"recognizable brand, NO safe domain evidence in artifact"
Brainrider,1,gtm_revenue,himalayas,aggregator_only,,name_only_no_evidence,no,"recognizable brand, NO safe domain evidence in artifact"
Roche,1,gtm_revenue,himalayas,aggregator_only,,name_only_no_evidence,no,"recognizable brand, NO safe domain evidence in artifact"
Verdesian Life Sciences,1,gtm_revenue,himalayas,aggregator_only,,name_only_no_evidence,no,"recognizable brand, NO safe domain evidence in artifact"
KPA,1,gtm_revenue,himalayas,aggregator_only,,name_only_no_evidence,no,"recognizable brand, NO safe domain evidence in artifact"
College Board,1,gtm_revenue,himalayas,aggregator_only,,name_only_no_evidence,no,"recognizable brand, NO safe domain evidence in artifact"
Cloudera,1,gtm_revenue,himalayas,aggregator_only,,name_only_no_evidence,no,"recognizable brand, NO safe domain evidence in artifact"
"QAD, Inc.",1,gtm_revenue,himalayas,aggregator_only,,name_only_no_evidence,no,"recognizable brand, NO safe domain evidence in artifact"
Medical Review Institute of America,1,gtm_revenue,himalayas,aggregator_only,,name_only_no_evidence,no,"recognizable brand, NO safe domain evidence in artifact"
"Marketplace Ministries, Inc.",1,gtm_revenue,himalayas,aggregator_only,,name_only_no_evidence,no,"recognizable brand, NO safe domain evidence in artifact"
Miratech,1,gtm_revenue,himalayas,aggregator_only,,name_only_no_evidence,no,"recognizable brand, NO safe domain evidence in artifact"
DXC Technology,1,gtm_revenue,himalayas,aggregator_only,,name_only_no_evidence,no,"recognizable brand, NO safe domain evidence in artifact"
Proofpoint,1,gtm_revenue,himalayas,aggregator_only,,name_only_no_evidence,no,"recognizable brand, NO safe domain evidence in artifact"
Boulevard,1,gtm_revenue,himalayas,aggregator_only,,name_only_no_evidence,no,"recognizable brand, NO safe domain evidence in artifact"
Clinician Nexus,1,gtm_revenue,himalayas,aggregator_only,,name_only_no_evidence,no,"recognizable brand, NO safe domain evidence in artifact"
Unipesa,1,gtm_revenue,himalayas,aggregator_only,,name_only_no_evidence,no,"recognizable brand, NO safe domain evidence in artifact"
Evotix,1,gtm_revenue,himalayas,aggregator_only,,name_only_no_evidence,no,"recognizable brand, NO safe domain evidence in artifact"
P&G Advisors,1,gtm_revenue,himalayas,aggregator_only,,name_only_no_evidence,no,"recognizable brand, NO safe domain evidence in artifact"
FamilyWell Health,1,gtm_revenue,himalayas,aggregator_only,,name_only_no_evidence,no,"recognizable brand, NO safe domain evidence in artifact"
Mozilla,1,gtm_revenue,himalayas,aggregator_only,,name_only_no_evidence,no,"recognizable brand, NO safe domain evidence in artifact"
Astreya,1,gtm_revenue,himalayas,aggregator_only,,name_only_no_evidence,no,"recognizable brand, NO safe domain evidence in artifact"
EnableComp,1,gtm_revenue,himalayas,aggregator_only,,name_only_no_evidence,no,"recognizable brand, NO safe domain evidence in artifact"
Workday,1,gtm_revenue,himalayas,aggregator_only,,name_only_no_evidence,no,"recognizable brand, NO safe domain evidence in artifact"
Meydenbauer Partners,1,gtm_revenue,himalayas,aggregator_only,,name_only_no_evidence,no,"recognizable brand, NO safe domain evidence in artifact"
Hacken,1,gtm_revenue,himalayas,aggregator_only,,name_only_no_evidence,no,"recognizable brand, NO safe domain evidence in artifact"
FuseGlobal Partners,1,gtm_revenue,himalayas,aggregator_only,,name_only_no_evidence,no,"recognizable brand, NO safe domain evidence in artifact"
Capgemini Technology Services,1,gtm_revenue,himalayas,aggregator_only,,name_only_no_evidence,no,"recognizable brand, NO safe domain evidence in artifact"
"Chickasaw Nation Industries, Inc.",1,gtm_revenue,himalayas,aggregator_only,,name_only_no_evidence,no,"recognizable brand, NO safe domain evidence in artifact"
samedi,1,gtm_revenue,himalayas,aggregator_only,,name_only_no_evidence,no,"recognizable brand, NO safe domain evidence in artifact"
Public Partnerships LLC,1,gtm_revenue,himalayas,aggregator_only,,name_only_no_evidence,no,"recognizable brand, NO safe domain evidence in artifact"
Arkansas Blue Cross,1,gtm_revenue,himalayas,aggregator_only,,name_only_no_evidence,no,"recognizable brand, NO safe domain evidence in artifact"
AlphaSense,1,gtm_revenue,himalayas,aggregator_only,,name_only_no_evidence,no,"recognizable brand, NO safe domain evidence in artifact"
Аrctic7,1,gtm_revenue,himalayas,aggregator_only,,name_only_no_evidence,no,"recognizable brand, NO safe domain evidence in artifact"
AutoScale Ventures,1,gtm_revenue,himalayas,aggregator_only,,name_only_no_evidence,no,"recognizable brand, NO safe domain evidence in artifact"
Flinker,1,gtm_revenue,himalayas,aggregator_only,,name_only_no_evidence,no,"recognizable brand, NO safe domain evidence in artifact"
Sophos,1,gtm_revenue,himalayas,aggregator_only,,name_only_no_evidence,no,"recognizable brand, NO safe domain evidence in artifact"
dell,1,gtm_revenue,himalayas,aggregator_only,,name_only_no_evidence,no,"recognizable brand, NO safe domain evidence in artifact"
Unblu Inc.,1,gtm_revenue,himalayas,aggregator_only,,name_only_no_evidence,no,"recognizable brand, NO safe domain evidence in artifact"
Keystone Agency Partners (KAP),1,gtm_revenue,himalayas,aggregator_only,,name_only_no_evidence,no,"recognizable brand, NO safe domain evidence in artifact"
Porch Group,1,gtm_revenue,himalayas,aggregator_only,,name_only_no_evidence,no,"recognizable brand, NO safe domain evidence in artifact"
Neura Health,1,gtm_revenue,himalayas,aggregator_only,,name_only_no_evidence,no,"recognizable brand, NO safe domain evidence in artifact"
Empower,1,gtm_revenue,himalayas,aggregator_only,,name_only_no_evidence,no,"recognizable brand, NO safe domain evidence in artifact"
Crump Life Insurance Services,1,gtm_revenue,himalayas,aggregator_only,,name_only_no_evidence,no,"recognizable brand, NO safe domain evidence in artifact"
Pendo,1,gtm_revenue,himalayas,aggregator_only,,name_only_no_evidence,no,"recognizable brand, NO safe domain evidence in artifact"
Steampunk,1,gtm_revenue,himalayas,aggregator_only,,name_only_no_evidence,no,"recognizable brand, NO safe domain evidence in artifact"
Correlation One,1,gtm_revenue,himalayas,aggregator_only,,name_only_no_evidence,no,"recognizable brand, NO safe domain evidence in artifact"
Affirm,1,gtm_revenue,himalayas,aggregator_only,,name_only_no_evidence,no,"recognizable brand, NO safe domain evidence in artifact"
Iterable,1,gtm_revenue,himalayas,aggregator_only,,name_only_no_evidence,no,"recognizable brand, NO safe domain evidence in artifact"
Safeguard Global,1,gtm_revenue,himalayas,aggregator_only,,name_only_no_evidence,no,"recognizable brand, NO safe domain evidence in artifact"
Applaudo Studios,1,gtm_revenue,himalayas,aggregator_only,,name_only_no_evidence,no,"recognizable brand, NO safe domain evidence in artifact"
Motorola Solutions,1,gtm_revenue,himalayas,aggregator_only,,name_only_no_evidence,no,"recognizable brand, NO safe domain evidence in artifact"
Integrated Dermatology,1,gtm_revenue,himalayas,aggregator_only,,name_only_no_evidence,no,"recognizable brand, NO safe domain evidence in artifact"
CRB Cunninghams,1,gtm_revenue,himalayas,aggregator_only,,name_only_no_evidence,no,"recognizable brand, NO safe domain evidence in artifact"
nove8,1,gtm_revenue,himalayas,aggregator_only,,name_only_no_evidence,no,"recognizable brand, NO safe domain evidence in artifact"
Dutchie,1,gtm_revenue,himalayas,aggregator_only,,name_only_no_evidence,no,"recognizable brand, NO safe domain evidence in artifact"
NAMSA,1,gtm_revenue,himalayas,aggregator_only,,name_only_no_evidence,no,"recognizable brand, NO safe domain evidence in artifact"
Destination Pet,1,gtm_revenue,himalayas,aggregator_only,,name_only_no_evidence,no,"recognizable brand, NO safe domain evidence in artifact"
Fresh Prints,1,gtm_revenue,himalayas,aggregator_only,,name_only_no_evidence,no,"recognizable brand, NO safe domain evidence in artifact"
Genuine Parts Company,1,gtm_revenue,himalayas,aggregator_only,,name_only_no_evidence,no,"recognizable brand, NO safe domain evidence in artifact"
MarketSource,1,gtm_revenue,himalayas,aggregator_only,,name_only_no_evidence,no,intermediary/staffing - exclude
Cority,1,gtm_revenue,himalayas,aggregator_only,,name_only_no_evidence,no,"recognizable brand, NO safe domain evidence in artifact"
Datavant,1,gtm_revenue,himalayas,aggregator_only,,name_only_no_evidence,no,"recognizable brand, NO safe domain evidence in artifact"
Circle,1,gtm_revenue,himalayas,aggregator_only,,name_only_no_evidence,no,"recognizable brand, NO safe domain evidence in artifact"
Fairway Independent Mortgage Corp.,1,gtm_revenue,himalayas,aggregator_only,,name_only_no_evidence,no,"recognizable brand, NO safe domain evidence in artifact"
Provectus,1,gtm_revenue,himalayas,aggregator_only,,name_only_no_evidence,no,"recognizable brand, NO safe domain evidence in artifact"
BTG Pactual,1,gtm_revenue,himalayas,aggregator_only,,name_only_no_evidence,no,"recognizable brand, NO safe domain evidence in artifact"
InlandRCM,1,gtm_revenue,himalayas,aggregator_only,,name_only_no_evidence,no,"recognizable brand, NO safe domain evidence in artifact"
Live Nation Entertainment,1,gtm_revenue,himalayas,aggregator_only,,name_only_no_evidence,no,"recognizable brand, NO safe domain evidence in artifact"
A-LIGN,1,gtm_revenue,himalayas,aggregator_only,,name_only_no_evidence,no,"recognizable brand, NO safe domain evidence in artifact"
Sanoma Learning,1,gtm_revenue,himalayas,aggregator_only,,name_only_no_evidence,no,"recognizable brand, NO safe domain evidence in artifact"
Betting Hero,1,gtm_revenue,himalayas,aggregator_only,,name_only_no_evidence,no,"recognizable brand, NO safe domain evidence in artifact"
Trackforce,1,gtm_revenue,himalayas,aggregator_only,,name_only_no_evidence,no,"recognizable brand, NO safe domain evidence in artifact"
Pfizer,1,gtm_revenue,himalayas,aggregator_only,,name_only_no_evidence,no,"recognizable brand, NO safe domain evidence in artifact"
Mainspring Energy,1,gtm_revenue,himalayas,aggregator_only,,name_only_no_evidence,no,"recognizable brand, NO safe domain evidence in artifact"
Oakheed,1,gtm_revenue,himalayas,aggregator_only,,name_only_no_evidence,no,"recognizable brand, NO safe domain evidence in artifact"
Pure PM,1,gtm_revenue,himalayas,aggregator_only,,name_only_no_evidence,no,"recognizable brand, NO safe domain evidence in artifact"
Partner ESI,1,gtm_revenue,himalayas,aggregator_only,,name_only_no_evidence,no,"recognizable brand, NO safe domain evidence in artifact"
alx_africa,1,gtm_revenue,himalayas,aggregator_only,,name_only_no_evidence,no,"recognizable brand, NO safe domain evidence in artifact"
The Standard,1,gtm_revenue,himalayas,aggregator_only,,name_only_no_evidence,no,"recognizable brand, NO safe domain evidence in artifact"
MediaCo Holding,1,gtm_revenue,himalayas,aggregator_only,,name_only_no_evidence,no,"recognizable brand, NO safe domain evidence in artifact"
Veeam Software,1,gtm_revenue,himalayas,aggregator_only,,name_only_no_evidence,no,"recognizable brand, NO safe domain evidence in artifact"
Mactores,1,gtm_revenue,himalayas,aggregator_only,,name_only_no_evidence,no,"recognizable brand, NO safe domain evidence in artifact"
Oregon Lottery,1,gtm_revenue,himalayas,aggregator_only,,name_only_no_evidence,no,"recognizable brand, NO safe domain evidence in artifact"
HubSpot,1,gtm_revenue,himalayas,aggregator_only,,name_only_no_evidence,no,"recognizable brand, NO safe domain evidence in artifact"
ProAg,1,gtm_revenue,himalayas,aggregator_only,,name_only_no_evidence,no,"recognizable brand, NO safe domain evidence in artifact"
Jobbex IT,1,gtm_revenue,himalayas,aggregator_only,,name_only_no_evidence,no,"recognizable brand, NO safe domain evidence in artifact"
Banyan Treatment Centers,1,gtm_revenue,himalayas,aggregator_only,,name_only_no_evidence,no,"recognizable brand, NO safe domain evidence in artifact"
Sprinklr,1,gtm_revenue,himalayas,aggregator_only,,name_only_no_evidence,no,"recognizable brand, NO safe domain evidence in artifact"
BrightSpring Health Services,1,gtm_revenue,himalayas,aggregator_only,,name_only_no_evidence,no,"recognizable brand, NO safe domain evidence in artifact"
Worldwide Clinical Trials,1,gtm_revenue,himalayas,aggregator_only,,name_only_no_evidence,no,"recognizable brand, NO safe domain evidence in artifact"
Motive,1,gtm_revenue,himalayas,aggregator_only,,name_only_no_evidence,no,"recognizable brand, NO safe domain evidence in artifact"
World Vision,1,gtm_revenue,himalayas,aggregator_only,,name_only_no_evidence,no,"recognizable brand, NO safe domain evidence in artifact"
LoanCare,1,gtm_revenue,himalayas,aggregator_only,,name_only_no_evidence,no,"recognizable brand, NO safe domain evidence in artifact"
Binance,1,gtm_revenue,himalayas,aggregator_only,,name_only_no_evidence,no,"recognizable brand, NO safe domain evidence in artifact"
Fivetran,1,gtm_revenue,himalayas,aggregator_only,,name_only_no_evidence,no,"recognizable brand, NO safe domain evidence in artifact"
Mimecast,1,gtm_revenue,himalayas,aggregator_only,,name_only_no_evidence,no,"recognizable brand, NO safe domain evidence in artifact"
Empat,1,gtm_revenue,himalayas,aggregator_only,,name_only_no_evidence,no,"recognizable brand, NO safe domain evidence in artifact"
Gravity Global,1,gtm_revenue,himalayas,aggregator_only,,name_only_no_evidence,no,"recognizable brand, NO safe domain evidence in artifact"
Accenture,1,gtm_revenue,himalayas,aggregator_only,,name_only_no_evidence,no,"recognizable brand, NO safe domain evidence in artifact"
Precision Medicine Group,1,gtm_revenue,himalayas,aggregator_only,,name_only_no_evidence,no,"recognizable brand, NO safe domain evidence in artifact"
Finance of America,1,gtm_revenue,himalayas,aggregator_only,,name_only_no_evidence,no,"recognizable brand, NO safe domain evidence in artifact"
Creatunity LLC,1,gtm_revenue,himalayas,aggregator_only,,name_only_no_evidence,no,"recognizable brand, NO safe domain evidence in artifact"
MRI Software,1,gtm_revenue,himalayas,aggregator_only,,name_only_no_evidence,no,"recognizable brand, NO safe domain evidence in artifact"
Advantage,1,gtm_revenue,himalayas,aggregator_only,,name_only_no_evidence,no,"recognizable brand, NO safe domain evidence in artifact"
Mondelēz International,1,gtm_revenue,himalayas,aggregator_only,,name_only_no_evidence,no,"recognizable brand, NO safe domain evidence in artifact"
CARTO,1,gtm_revenue,himalayas,aggregator_only,,name_only_no_evidence,no,"recognizable brand, NO safe domain evidence in artifact"
Vans,1,gtm_revenue,himalayas,aggregator_only,,name_only_no_evidence,no,"recognizable brand, NO safe domain evidence in artifact"
Voya Financial,1,gtm_revenue,himalayas,aggregator_only,,name_only_no_evidence,no,"recognizable brand, NO safe domain evidence in artifact"
"Zeiders Enterprises, Inc.",1,gtm_revenue,himalayas,aggregator_only,,name_only_no_evidence,no,"recognizable brand, NO safe domain evidence in artifact"
Bond Vet,1,gtm_revenue,himalayas,aggregator_only,,name_only_no_evidence,no,"recognizable brand, NO safe domain evidence in artifact"
BlackStone eIT,1,gtm_revenue,himalayas,aggregator_only,,name_only_no_evidence,no,"recognizable brand, NO safe domain evidence in artifact"
Happy Health,1,gtm_revenue,himalayas,aggregator_only,,name_only_no_evidence,no,"recognizable brand, NO safe domain evidence in artifact"
Infios,1,gtm_revenue,himalayas,aggregator_only,,name_only_no_evidence,no,"recognizable brand, NO safe domain evidence in artifact"
Sybilla Technologies,1,gtm_revenue,himalayas,aggregator_only,,name_only_no_evidence,no,"recognizable brand, NO safe domain evidence in artifact"
GoCanvas,1,gtm_revenue,himalayas,aggregator_only,,name_only_no_evidence,no,"recognizable brand, NO safe domain evidence in artifact"
Drivetrain,1,gtm_revenue,himalayas,aggregator_only,,name_only_no_evidence,no,"recognizable brand, NO safe domain evidence in artifact"
Mood Health,1,gtm_revenue,himalayas,aggregator_only,,name_only_no_evidence,no,"recognizable brand, NO safe domain evidence in artifact"
"Ocular Therapeutix, Inc.",1,gtm_revenue,himalayas,aggregator_only,,name_only_no_evidence,no,"recognizable brand, NO safe domain evidence in artifact"
Genesys,1,gtm_revenue,himalayas,aggregator_only,,name_only_no_evidence,no,"recognizable brand, NO safe domain evidence in artifact"
Blackbird Health,1,gtm_revenue,himalayas,aggregator_only,,name_only_no_evidence,no,"recognizable brand, NO safe domain evidence in artifact"
Able,1,gtm_revenue,himalayas,aggregator_only,,name_only_no_evidence,no,"recognizable brand, NO safe domain evidence in artifact"
AmerisourceBergen,1,gtm_revenue,himalayas,aggregator_only,,name_only_no_evidence,no,"recognizable brand, NO safe domain evidence in artifact"
Little Caesars,1,gtm_revenue,himalayas,aggregator_only,,name_only_no_evidence,no,"recognizable brand, NO safe domain evidence in artifact"
Canonical Ltd.,1,gtm_revenue,jobicy,aggregator_only,,name_only_no_evidence,no,"recognizable brand, NO safe domain evidence in artifact"
Double,1,gtm_revenue,jobicy,aggregator_only,,name_only_no_evidence,no,"recognizable brand, NO safe domain evidence in artifact"
Kazaar Fragrances,1,gtm_revenue,weworkremotely,aggregator_only,,name_only_no_evidence,no,"recognizable brand, NO safe domain evidence in artifact"
Mukti Switzerland,1,gtm_revenue,remoteok,aggregator_only,,name_only_no_evidence,no,"recognizable brand, NO safe domain evidence in artifact"
Elockers.Com Pty Ltd,1,gtm_revenue,remoteok,aggregator_only,,name_only_no_evidence,no,"recognizable brand, NO safe domain evidence in artifact"
