evidence_granularity,run_id,run_start_utc,run_end_utc,timezone,system,commit,source,query_or_partition,time_frame,date_created_window_utc,page_or_offset,requested_limit,requests,rows_returned,unique_provider_job_ids,within_page_duplicates,cross_page_duplicates,cross_query_duplicates,previously_seen_jobs,net_new_jobs_admitted,stop_reason,provider_reported_total,provider_quota_after_request,evidence_source,notes
page,core canary 2026-09-16 (run_id not in export),2026-09-16 (before export at 08:37:35Z),not_recorded,UTC,tgtc_core canary,pre-be3af32 canary build (legacy_v1 profile),/v1/active-jb,partition 1 lane=fresh profile=legacy_v1 (no industry/agency filters),7d,2026-09-16T01:00:00Z -> 2026-09-16T02:00:00Z,offset=0,50,1,0,0,not_recorded,n/a (first page),not_recorded,not_recorded,0,HTTP 400 (request failed),not_recorded,not_recorded,TGTC read-only cohort export 2026-09-16T08:37Z acquisition_requests[] + partitions[],include_basic_organization_details was sent to /v1/active-jb; that parameter is ATS-only in our code today
page,core canary 2026-09-16 (run_id not in export),2026-09-16 (before export at 08:37:35Z),not_recorded,UTC,tgtc_core canary,pre-be3af32 canary build (legacy_v1 profile),/v1/active-jb,partition 6 lane=fresh profile=legacy_v1 (no industry/agency filters),7d,2026-09-16T03:00:00Z -> 2026-09-16T04:00:00Z,offset=0,50,1,50,50,0,n/a (first page),not_recorded,0,50,page slot used; partition left open,not_recorded,jobs_limit=100000; jobs_remaining=71748; requests_limit=50000; next_billing_date=2026-10-01T23:39:15.948851Z; requests_remaining=49507,TGTC read-only cohort export 2026-09-16T08:37Z acquisition_requests[] + partitions[],pii_fields_dropped=250 (recruiter/hiring-manager fields stripped on receipt)
page,20260917T081711Z,2026-09-17T08:17:11Z,2026-09-17T08:19:19Z,UTC,tgtc_core canary,5b1890b,fantastic:active-jb,partition 36 lane=backfill profile=priority_v1,7d (all core requests; see request shapes),not_recorded,1 page this slot (offset not printed in report),100,1,100,100,0,duplicate_pages=0,not_recorded,0,100,page_budget (one page per slot by design),not_recorded,jobs_this_request=100; jobs_remaining=68726; jobs_limit=100000; requests_remaining=49476; requests_limit=50000,"TGTC saved Railway log export 2026-09-17 (Railway log export, 2026-09-17 08:19:21Z cycle report)","Only the last 2 of this run's slot reports survive; the export was capped at 1,000 lines"
page,20260917T081711Z,2026-09-17T08:17:11Z,2026-09-17T08:19:19Z,UTC,tgtc_core canary,5b1890b,fantastic:active-ats,partition 111 lane=fresh profile=priority_v1,7d (all core requests; see request shapes),not_recorded,1 page this slot (offset not printed in report),100,1,100,100,0,duplicate_pages=0,not_recorded,0,100,page_budget (one page per slot by design),not_recorded,jobs_this_request=100; jobs_remaining=68726; jobs_limit=100000; requests_remaining=49476; requests_limit=50000,"TGTC saved Railway log export 2026-09-17 (Railway log export, 2026-09-17 08:19:21Z cycle report)","Only the last 2 of this run's slot reports survive; the export was capped at 1,000 lines"
run (partial),20260917T081711Z,2026-09-17T08:17:11Z,not_recorded,UTC,tgtc_core canary,5b1890b,both,remaining page slots,not_recorded,not_recorded,not_recorded,not_recorded,not_recorded,not_recorded,not_recorded,not_recorded,not_recorded,not_recorded,not_recorded,not_recorded,not_recorded,not_recorded,not_recorded,TGTC saved Railway log export 2026-09-17,"Other slot reports of this run fell outside the 1,000-line log export; not reconstructed"
profile cumulative (all core runs 2026-09-16 -> 2026-09-17T09:00Z),core runs through 20260917T082822Z,2026-09-16,2026-09-17T09:00:09Z,UTC,tgtc_core canary,canary builds up to 5b1890b,/v1/active-jb + /v1/active-ats,profile=priority_v1; partitions=44; completed_windows=4,7d,oldest incomplete window starts 2026-09-10T13:00:00+00:00,not_recorded,100 (50 on the first 09-16 pages),24,2170,2170,not_recorded,not_recorded,0,0,2170,not_recorded,not_recorded,not_recorded,TGTC saved Railway log export 2026-09-17 ledger printed at 2026-09-17T09:00:09Z (acquisition_profiles),
profile cumulative (all core runs 2026-09-16 -> 2026-09-17T09:00Z),core runs through 20260917T082822Z,2026-09-16,2026-09-17T09:00:09Z,UTC,tgtc_core canary,canary builds up to 5b1890b,/v1/active-jb + /v1/active-ats,profile=discovery_v1; partitions=44; completed_windows=0,7d,oldest incomplete window starts 2026-09-10T13:00:00+00:00,not_recorded,100 (50 on the first 09-16 pages),6,600,328,not_recorded,not_recorded,272,272,328,not_recorded,not_recorded,not_recorded,TGTC saved Railway log export 2026-09-17 ledger printed at 2026-09-17T09:00:09Z (acquisition_profiles),"discovery_v1 is a superset query of priority_v1, so it re-buys rows priority already bought"
profile cumulative (all core runs 2026-09-16 -> 2026-09-17T09:00Z),core runs through 20260917T082822Z,2026-09-16,2026-09-17T09:00:09Z,UTC,tgtc_core canary,canary builds up to 5b1890b,/v1/active-jb + /v1/active-ats,profile=legacy_v1; partitions=34; completed_windows=0,7d,oldest incomplete window starts 2026-09-12T01:00:00+00:00,not_recorded,100 (50 on the first 09-16 pages),12,1050,1050,not_recorded,not_recorded,0,0,1050,not_recorded,not_recorded,not_recorded,TGTC saved Railway log export 2026-09-17 ledger printed at 2026-09-17T09:00:09Z (acquisition_profiles),12 requests incl. 1 failed HTTP 400
all profiles cumulative,core runs through 20260917T082822Z,2026-09-16,2026-09-17T09:00:09Z,UTC,tgtc_core canary,not_recorded,/v1/active-jb + /v1/active-ats,all,7d,not_recorded,not_recorded,not_recorded,42,3820,3548,not_recorded,duplicate_pages=0,cross_source_duplicates=4,272,3548,not_recorded,not_recorded,rows confirmed by x-api-jobs-this-request header=3820,TGTC saved Railway log export 2026-09-17 ledger 2026-09-17T09:00:09Z,page_receipts=41 of 42 requests (1 failed); same totals re-printed unchanged at 2026-09-18T06:40Z
page slot,20260918T060210Z,2026-09-18T06:02:10Z,2026-09-18T06:02:14Z,UTC,tgtc_core,8a67deb,not_recorded,partition 144 profile=priority_v1,7d,not_recorded,not_recorded,not_recorded,0,0,not_recorded,not_recorded,not_recorded,not_recorded,not_recorded,0,"spend_budget_exhausted:fantastic:inactive (TGTC budget record, no request sent)",not_recorded,not_recorded,TGTC saved run log 20260918T060210Z,No provider call
run x profile (derived: 2026-09-18T19:51Z snapshot minus 2026-09-17T09:00Z ledger),20260918T080328.515978Z-807e4ff1,2026-09-18T08:03:28Z,2026-09-18T08:47:56Z,UTC,tgtc_core (current deployed path),be3af32,/v1/active-jb + /v1/active-ats,profile=priority_v1,7d,1h fresh / 24h backfill partitions (values not exported),1 page per slot (offsets not exported),100,8 [8 (slot schedule: 4 active-jb + 4 active-ats)],715,not_recorded,not_recorded,not_recorded,not_recorded,96 (returned but not first-seen),619,"round 1 used all 10 slots; round 2 refused: TGTC spend budget 1,000 rows/24h exhausted",not_recorded,not_recorded,TGTC read-only database snapshot 2026-09-18T19:51Z + ledger in TGTC saved Railway log export 2026-09-17; run log of 20260918T080328,No other acquisition ran between the two snapshots (ledger at 2026-09-18T06:40Z still showed 42 requests)
run x profile (derived: 2026-09-18T19:51Z snapshot minus 2026-09-17T09:00Z ledger),20260918T080328.515978Z-807e4ff1,2026-09-18T08:03:28Z,2026-09-18T08:47:56Z,UTC,tgtc_core (current deployed path),be3af32,/v1/active-jb + /v1/active-ats,profile=discovery_v1,7d,1h fresh / 24h backfill partitions (values not exported),1 page per slot (offsets not exported),100,2 [2 (slot schedule: 1 active-jb + 1 active-ats)],200,not_recorded,not_recorded,not_recorded,not_recorded,67 (returned but not first-seen),133,"round 1 used all 10 slots; round 2 refused: TGTC spend budget 1,000 rows/24h exhausted",not_recorded,not_recorded,TGTC read-only database snapshot 2026-09-18T19:51Z + ledger in TGTC saved Railway log export 2026-09-17; run log of 20260918T080328,No other acquisition ran between the two snapshots (ledger at 2026-09-18T06:40Z still showed 42 requests)
partition group cumulative @2026-09-18T19:51Z,all core runs,2026-09-16,2026-09-18T19:51Z,UTC,tgtc_core,various canary builds -> be3af32,fantastic:active-ats,profile=discovery_v1 lane=backfill state=open partitions=9,7d,2026-09-07 13:00:00 -> 2026-09-16 13:00:00 (window starts range),not_recorded,100 (50 on first 09-16 pages),0,0,not_recorded,not_recorded,not_recorded,not_recorded,0,0,partition state=open,not_recorded,not_recorded,TGTC read-only database snapshot 2026-09-18T19:51Z (source_partitions),open = not yet paged to a short page; complete = a page returned fewer rows than limit
partition group cumulative @2026-09-18T19:51Z,all core runs,2026-09-16,2026-09-18T19:51Z,UTC,tgtc_core,various canary builds -> be3af32,fantastic:active-ats,profile=discovery_v1 lane=fresh state=open partitions=40,7d,2026-09-16 13:00:00 -> 2026-09-18 05:00:00 (window starts range),not_recorded,100 (50 on first 09-16 pages),4,400,not_recorded,not_recorded,not_recorded,not_recorded,188,212,partition state=open,not_recorded,not_recorded,TGTC read-only database snapshot 2026-09-18T19:51Z (source_partitions),open = not yet paged to a short page; complete = a page returned fewer rows than limit
partition group cumulative @2026-09-18T19:51Z,all core runs,2026-09-16,2026-09-18T19:51Z,UTC,tgtc_core,various canary builds -> be3af32,fantastic:active-ats,profile=legacy_v1 lane=backfill state=open partitions=4,7d,2026-09-12 01:00:00 -> 2026-09-16 01:00:00 (window starts range),not_recorded,100 (50 on first 09-16 pages),0,0,not_recorded,not_recorded,not_recorded,not_recorded,0,0,partition state=open,not_recorded,not_recorded,TGTC read-only database snapshot 2026-09-18T19:51Z (source_partitions),open = not yet paged to a short page; complete = a page returned fewer rows than limit
partition group cumulative @2026-09-18T19:51Z,all core runs,2026-09-16,2026-09-18T19:51Z,UTC,tgtc_core,various canary builds -> be3af32,fantastic:active-ats,profile=legacy_v1 lane=fresh state=open partitions=13,7d,2026-09-16 01:00:00 -> 2026-09-16 14:00:00 (window starts range),not_recorded,100 (50 on first 09-16 pages),0,0,not_recorded,not_recorded,not_recorded,not_recorded,0,0,partition state=open,not_recorded,not_recorded,TGTC read-only database snapshot 2026-09-18T19:51Z (source_partitions),open = not yet paged to a short page; complete = a page returned fewer rows than limit
partition group cumulative @2026-09-18T19:51Z,all core runs,2026-09-16,2026-09-18T19:51Z,UTC,tgtc_core,various canary builds -> be3af32,fantastic:active-ats,profile=priority_v1 lane=backfill state=open partitions=9,7d,2026-09-07 13:00:00 -> 2026-09-16 13:00:00 (window starts range),not_recorded,100 (50 on first 09-16 pages),3,300,not_recorded,not_recorded,not_recorded,not_recorded,0,300,partition state=open,not_recorded,not_recorded,TGTC read-only database snapshot 2026-09-18T19:51Z (source_partitions),open = not yet paged to a short page; complete = a page returned fewer rows than limit
partition group cumulative @2026-09-18T19:51Z,all core runs,2026-09-16,2026-09-18T19:51Z,UTC,tgtc_core,various canary builds -> be3af32,fantastic:active-ats,profile=priority_v1 lane=fresh state=complete partitions=4,7d,2026-09-17 02:00:00 -> 2026-09-18 05:00:00 (window starts range),not_recorded,100 (50 on first 09-16 pages),8,572,not_recorded,not_recorded,not_recorded,not_recorded,0,572,partition state=complete,not_recorded,not_recorded,TGTC read-only database snapshot 2026-09-18T19:51Z (source_partitions),open = not yet paged to a short page; complete = a page returned fewer rows than limit
partition group cumulative @2026-09-18T19:51Z,all core runs,2026-09-16,2026-09-18T19:51Z,UTC,tgtc_core,various canary builds -> be3af32,fantastic:active-ats,profile=priority_v1 lane=fresh state=open partitions=36,7d,2026-09-16 13:00:00 -> 2026-09-18 04:00:00 (window starts range),not_recorded,100 (50 on first 09-16 pages),5,500,not_recorded,not_recorded,not_recorded,not_recorded,0,500,partition state=open,not_recorded,not_recorded,TGTC read-only database snapshot 2026-09-18T19:51Z (source_partitions),open = not yet paged to a short page; complete = a page returned fewer rows than limit
partition group cumulative @2026-09-18T19:51Z,all core runs,2026-09-16,2026-09-18T19:51Z,UTC,tgtc_core,various canary builds -> be3af32,fantastic:active-jb,profile=discovery_v1 lane=backfill state=open partitions=9,7d,2026-09-07 13:00:00 -> 2026-09-16 13:00:00 (window starts range),not_recorded,100 (50 on first 09-16 pages),0,0,not_recorded,not_recorded,not_recorded,not_recorded,0,0,partition state=open,not_recorded,not_recorded,TGTC read-only database snapshot 2026-09-18T19:51Z (source_partitions),open = not yet paged to a short page; complete = a page returned fewer rows than limit
partition group cumulative @2026-09-18T19:51Z,all core runs,2026-09-16,2026-09-18T19:51Z,UTC,tgtc_core,various canary builds -> be3af32,fantastic:active-jb,profile=discovery_v1 lane=fresh state=open partitions=40,7d,2026-09-16 13:00:00 -> 2026-09-18 05:00:00 (window starts range),not_recorded,100 (50 on first 09-16 pages),4,400,not_recorded,not_recorded,not_recorded,not_recorded,151,249,partition state=open,not_recorded,not_recorded,TGTC read-only database snapshot 2026-09-18T19:51Z (source_partitions),open = not yet paged to a short page; complete = a page returned fewer rows than limit
partition group cumulative @2026-09-18T19:51Z,all core runs,2026-09-16,2026-09-18T19:51Z,UTC,tgtc_core,various canary builds -> be3af32,fantastic:active-jb,profile=legacy_v1 lane=backfill state=open partitions=4,7d,2026-09-12 01:00:00 -> 2026-09-16 01:00:00 (window starts range),not_recorded,100 (50 on first 09-16 pages),0,0,not_recorded,not_recorded,not_recorded,not_recorded,0,0,partition state=open,not_recorded,not_recorded,TGTC read-only database snapshot 2026-09-18T19:51Z (source_partitions),open = not yet paged to a short page; complete = a page returned fewer rows than limit
partition group cumulative @2026-09-18T19:51Z,all core runs,2026-09-16,2026-09-18T19:51Z,UTC,tgtc_core,various canary builds -> be3af32,fantastic:active-jb,profile=legacy_v1 lane=fresh state=open partitions=12,7d,2026-09-16 02:00:00 -> 2026-09-16 14:00:00 (window starts range),not_recorded,100 (50 on first 09-16 pages),11,1050,not_recorded,not_recorded,not_recorded,not_recorded,0,1050,partition state=open,not_recorded,not_recorded,TGTC read-only database snapshot 2026-09-18T19:51Z (source_partitions),open = not yet paged to a short page; complete = a page returned fewer rows than limit
partition group cumulative @2026-09-18T19:51Z,all core runs,2026-09-16,2026-09-18T19:51Z,UTC,tgtc_core,various canary builds -> be3af32,fantastic:active-jb,profile=legacy_v1 lane=fresh state=open partitions=1 last_error=http_response:http_400,7d,2026-09-16 01:00:00 -> 2026-09-16 02:00:00 (window starts range),not_recorded,100 (50 on first 09-16 pages),0,0,not_recorded,not_recorded,not_recorded,not_recorded,0,0,partition state=open,not_recorded,not_recorded,TGTC read-only database snapshot 2026-09-18T19:51Z (source_partitions),open = not yet paged to a short page; complete = a page returned fewer rows than limit
partition group cumulative @2026-09-18T19:51Z,all core runs,2026-09-16,2026-09-18T19:51Z,UTC,tgtc_core,various canary builds -> be3af32,fantastic:active-jb,profile=priority_v1 lane=backfill state=open partitions=9,7d,2026-09-07 13:00:00 -> 2026-09-16 13:00:00 (window starts range),not_recorded,100 (50 on first 09-16 pages),3,300,not_recorded,not_recorded,not_recorded,not_recorded,96,204,partition state=open,not_recorded,not_recorded,TGTC read-only database snapshot 2026-09-18T19:51Z (source_partitions),open = not yet paged to a short page; complete = a page returned fewer rows than limit
partition group cumulative @2026-09-18T19:51Z,all core runs,2026-09-16,2026-09-18T19:51Z,UTC,tgtc_core,various canary builds -> be3af32,fantastic:active-jb,profile=priority_v1 lane=fresh state=complete partitions=2,7d,2026-09-17 04:00:00 -> 2026-09-18 05:00:00 (window starts range),not_recorded,100 (50 on first 09-16 pages),7,613,not_recorded,not_recorded,not_recorded,not_recorded,0,613,partition state=complete,not_recorded,not_recorded,TGTC read-only database snapshot 2026-09-18T19:51Z (source_partitions),open = not yet paged to a short page; complete = a page returned fewer rows than limit
partition group cumulative @2026-09-18T19:51Z,all core runs,2026-09-16,2026-09-18T19:51Z,UTC,tgtc_core,various canary builds -> be3af32,fantastic:active-jb,profile=priority_v1 lane=fresh state=open partitions=38,7d,2026-09-16 13:00:00 -> 2026-09-18 04:00:00 (window starts range),not_recorded,100 (50 on first 09-16 pages),6,600,not_recorded,not_recorded,not_recorded,not_recorded,0,600,partition state=open,not_recorded,not_recorded,TGTC read-only database snapshot 2026-09-18T19:51Z (source_partitions),open = not yet paged to a short page; complete = a page returned fewer rows than limit
page-size distribution cumulative @2026-09-18T19:51Z,all core runs,not_recorded,not_recorded,UTC,tgtc_core,not_recorded,fantastic:active-ats,profile=discovery_v1,not_recorded,not_recorded,rows/page min=100 max=100,not_recorded,4,400,not_recorded,not_recorded,not_recorded,not_recorded,not_recorded,not_recorded,short pages (fewer rows than limit)=0,not_recorded,not_recorded,TGTC read-only database snapshot 2026-09-18T19:51Z (page_receipts),
page-size distribution cumulative @2026-09-18T19:51Z,all core runs,not_recorded,not_recorded,UTC,tgtc_core,not_recorded,fantastic:active-jb,profile=discovery_v1,not_recorded,not_recorded,rows/page min=100 max=100,not_recorded,4,400,not_recorded,not_recorded,not_recorded,not_recorded,not_recorded,not_recorded,short pages (fewer rows than limit)=0,not_recorded,not_recorded,TGTC read-only database snapshot 2026-09-18T19:51Z (page_receipts),
page-size distribution cumulative @2026-09-18T19:51Z,all core runs,not_recorded,not_recorded,UTC,tgtc_core,not_recorded,fantastic:active-jb,profile=legacy_v1,not_recorded,not_recorded,rows/page min=50 max=100,not_recorded,11,1050,not_recorded,not_recorded,not_recorded,not_recorded,not_recorded,not_recorded,short pages (fewer rows than limit)=0,not_recorded,not_recorded,TGTC read-only database snapshot 2026-09-18T19:51Z (page_receipts),
page-size distribution cumulative @2026-09-18T19:51Z,all core runs,not_recorded,not_recorded,UTC,tgtc_core,not_recorded,fantastic:active-ats,profile=priority_v1,not_recorded,not_recorded,rows/page min=8 max=100,not_recorded,16,1372,not_recorded,not_recorded,not_recorded,not_recorded,not_recorded,not_recorded,short pages (fewer rows than limit)=4,not_recorded,not_recorded,TGTC read-only database snapshot 2026-09-18T19:51Z (page_receipts),
page-size distribution cumulative @2026-09-18T19:51Z,all core runs,not_recorded,not_recorded,UTC,tgtc_core,not_recorded,fantastic:active-jb,profile=priority_v1,not_recorded,not_recorded,rows/page min=41 max=100,not_recorded,16,1513,not_recorded,not_recorded,not_recorded,not_recorded,not_recorded,not_recorded,short pages (fewer rows than limit)=2,not_recorded,not_recorded,TGTC read-only database snapshot 2026-09-18T19:51Z (page_receipts),
run,20260904T130130Z-13b44a0c,2026-09-04T13:01:30Z,not_recorded,UTC,legacy run_orchestrator (paused since 2026-09-09),8291a093a94f,Fantastic active-jb + active-ats (+ Wellfound/YC),canonical 7d window (no per-source cursor in this build),7d,not_recorded,not_recorded,not_recorded,not_recorded,6205,6205,not_recorded,not_recorded,0,not_recorded,6205,topup:max_iterations_guard,not_recorded,not_recorded,repo acceptance/evidence/20260906/log_corpus/run_artifacts/20260904T130130Z-13b44a0c,781 Airtable rows created (contact-level rows); ~10-day backlog cohort
run,20260905T030439Z-1d102bec,2026-09-05T03:04:39Z,not_recorded,UTC,legacy run_orchestrator (paused since 2026-09-09),b31e55a24f39,active-ats + active-jb(linkedin),same reused window; offsets_at_open {},7d,not_recorded,offset 0 -> 100 on both sources,100,not_recorded,200,not_recorded,not_recorded,not_recorded,200,200,0,no_new_ids,not_recorded,not_recorded,repo acceptance/ACQUISITION_CAPACITY_2026-09-06.md (continuation section); run_artifacts/20260905T030439Z-1d102bec,Every row of the first page was already acquired by the 09-04 run
run x source,20260906T030230Z-2f74ac7c,2026-09-06T03:02:30Z,2026-09-06T03:16:33Z,UTC,legacy run_orchestrator (paused since 2026-09-09),83fa99373731,fantastic_jobs_ats (/v1/active-ats),"reused window (window_reused=True, watermark_committed=False)",7d,2026-08-30T03:03:20Z -> 2026-09-04T10:02:11Z (lower clamped to run_start-7d),offset 100 -> 2822,100,28,2722,not_recorded,not_recorded,not_recorded,2722,2722,0,cap_reached,not_recorded,jobs_quota_remaining=77642 (end of run),repo acceptance/ACCEPTANCE_2026-09-06.md lines 55-62,novelty=0.0%; run_cap 5444 from TGTC governor
run x source,20260906T030230Z-2f74ac7c,2026-09-06T03:02:30Z,2026-09-06T03:16:33Z,UTC,legacy run_orchestrator (paused since 2026-09-09),83fa99373731,fantastic_jobs_linkedin (/v1/active-jb),"reused window (window_reused=True, watermark_committed=False)",7d,2026-08-30T03:03:20Z -> 2026-09-04T10:02:11Z (lower clamped to run_start-7d),offset 100 -> 2822,100,28,2722,not_recorded,not_recorded,not_recorded,2496,2496,226,cap_reached,not_recorded,jobs_quota_remaining=77642 (end of run),repo acceptance/ACCEPTANCE_2026-09-06.md lines 55-62,novelty=8.3%; run_cap 5444 from TGTC governor
run x source,20260906T030230Z-2f74ac7c,not_recorded,not_recorded,UTC,legacy run_orchestrator (paused since 2026-09-09),83fa99373731,fantastic_jobs_wellfound,not_recorded,not_recorded,not_recorded,not_recorded,not_recorded,0,0,not_recorded,not_recorded,not_recorded,not_recorded,not_recorded,not_recorded,already_drained_this_window,not_recorded,not_recorded,repo acceptance/ACCEPTANCE_2026-09-06.md lines 59-60,not_recorded
run x source,20260906T030230Z-2f74ac7c,not_recorded,not_recorded,UTC,legacy run_orchestrator (paused since 2026-09-09),83fa99373731,fantastic_jobs_ycombinator,not_recorded,not_recorded,not_recorded,not_recorded,not_recorded,0,0,not_recorded,not_recorded,not_recorded,not_recorded,not_recorded,not_recorded,already_drained_this_window,not_recorded,not_recorded,repo acceptance/ACCEPTANCE_2026-09-06.md lines 59-60,not_recorded
run,20260907T062915Z-f79f4de1,2026-09-07T06:29:15Z,2026-09-07T06:45:27Z,UTC,legacy run_orchestrator (paused since 2026-09-09),43ee7ba,Fantastic (date_created slice cursor),not_recorded,7d,not_recorded,not_recorded,not_recorded,not_recorded,500,328,not_recorded,not_recorded,172,172,328,topup:apollo_circuit_open (TGTC-side enrichment stop),not_recorded,not_recorded,repo acceptance/SYSTEM_CLOSEOUT_2026-09-07.md line 122; acceptance/PROGRESS.md run table,28 contact-level Airtable rows created
run x source,20260908T030247Z-e711a350,2026-09-08T03:02:47Z,2026-09-08T07:58:40Z,UTC,legacy run_orchestrator (paused since 2026-09-09),c30178d,fantastic_jobs_ats,6h date_created slices; slices 0+14/14 drained attempted=14 billed=3168 kept=329 budget_exhausted=False,7d,2026-09-01T03:03:43Z -> 2026-09-04T10:02:11Z (window_reused=True),offset restarts at 0 inside each slice,100 (smaller on a budget-limited last page),40,3168,329,0,not_recorded,x_source=0,2839,329,short_page,not_recorded,jobs_quota_remaining=71898 (end of run),TGTC saved run log 20260908T030247Z RUN SUMMARY (lines 127-170),previously_seen = billed - kept (rows dropped by the adapter as already acquired); novelty=10.39%; drained=True
run x source,20260908T030247Z-e711a350,2026-09-08T03:02:47Z,2026-09-08T07:58:40Z,UTC,legacy run_orchestrator (paused since 2026-09-09),c30178d,fantastic_jobs_linkedin,6h date_created slices; slices 0+7/14 drained attempted=8 billed=1976 kept=310 budget_exhausted=True,7d,2026-09-01T03:03:43Z -> 2026-09-04T10:02:11Z (window_reused=True),offset restarts at 0 inside each slice,100 (smaller on a budget-limited last page),23,1976,310,0,not_recorded,x_source=0,1666,310,short_page,not_recorded,jobs_quota_remaining=71898 (end of run),TGTC saved run log 20260908T030247Z RUN SUMMARY (lines 127-170),previously_seen = billed - kept (rows dropped by the adapter as already acquired); novelty=15.69%; drained=False
run x source,20260908T030247Z-e711a350,2026-09-08T03:02:47Z,2026-09-08T07:58:40Z,UTC,legacy run_orchestrator (paused since 2026-09-09),c30178d,fantastic_jobs_wellfound,6h date_created slices,7d,2026-09-01T03:03:43Z -> 2026-09-04T10:02:11Z (window_reused=True),offset restarts at 0 inside each slice,100 (smaller on a budget-limited last page),0,0,0,None,not_recorded,x_source=0,0,0,no_run_budget,not_recorded,jobs_quota_remaining=71898 (end of run),TGTC saved run log 20260908T030247Z RUN SUMMARY (lines 127-170),previously_seen = billed - kept (rows dropped by the adapter as already acquired); novelty=n/a%; drained=True
run x source,20260908T030247Z-e711a350,2026-09-08T03:02:47Z,2026-09-08T07:58:40Z,UTC,legacy run_orchestrator (paused since 2026-09-09),c30178d,fantastic_jobs_ycombinator,6h date_created slices,7d,2026-09-01T03:03:43Z -> 2026-09-04T10:02:11Z (window_reused=True),offset restarts at 0 inside each slice,100 (smaller on a budget-limited last page),0,0,0,None,not_recorded,x_source=0,0,0,no_run_budget,not_recorded,jobs_quota_remaining=71898 (end of run),TGTC saved run log 20260908T030247Z RUN SUMMARY (lines 127-170),previously_seen = billed - kept (rows dropped by the adapter as already acquired); novelty=n/a%; drained=True
run,20260908T030247Z-e711a350,2026-09-08T03:02:47Z,2026-09-08T07:58:40Z,UTC,legacy run_orchestrator (paused since 2026-09-09),c30178d,all Fantastic sources,not_recorded,7d,not_recorded,not_recorded,not_recorded,not_recorded,5144,639,not_recorded,not_recorded,4505,4505,639,apollo_circuit_open (TGTC-side enrichment stop),not_recorded,jobs_quota_remaining=71898,TGTC saved run log 20260908T030247Z lines 112-126,run_cap 5144 from TGTC governor; 3 date_created slices conceded as expired; 448 contact-level Airtable rows created (129 from Fantastic rows)
run,20260909T030330Z-663c0e9b,2026-09-09T03:03:30Z,not_recorded,UTC,legacy run_orchestrator (paused since 2026-09-09),8177270,all lanes,not_recorded,7d,not_recorded,not_recorded,not_recorded,not_recorded,4651,not_recorded,not_recorded,not_recorded,not_recorded,not_recorded,3508,not_recorded,not_recorded,not_recorded,TGTC reporting reconciliation file (2026-09-09) runs[],Last legacy run before the pause; per-source split not in saved evidence; 0 Airtable rows (Apollo exhausted)
provider count (count endpoint),inventory probe 2026-09-06T11:37:46Z,2026-09-06T11:37:46Z,not_recorded,UTC,legacy measurement,not_recorded,linkedin,legacy title expression (4222 chars) + ICP filters,not_recorded,2026-09-05T11:37:46Z -> 2026-09-06T11:37:46Z,not_recorded,not_recorded,not_recorded,not_recorded,not_recorded,not_recorded,not_recorded,not_recorded,not_recorded,not_recorded,not_recorded,327,not_recorded,repo acceptance/evidence/20260906-maintenance/inventory_probe.json,0 job credits; count endpoint
provider count (count endpoint),inventory probe 2026-09-06T11:37:46Z,2026-09-06T11:37:46Z,not_recorded,UTC,legacy measurement,not_recorded,wellfound,legacy title expression (4222 chars) + ICP filters,not_recorded,2026-09-05T11:37:46Z -> 2026-09-06T11:37:46Z,not_recorded,not_recorded,not_recorded,not_recorded,not_recorded,not_recorded,not_recorded,not_recorded,not_recorded,not_recorded,not_recorded,6,not_recorded,repo acceptance/evidence/20260906-maintenance/inventory_probe.json,0 job credits; count endpoint
provider count (count endpoint),inventory probe 2026-09-06T11:37:46Z,2026-09-06T11:37:46Z,not_recorded,UTC,legacy measurement,not_recorded,ycombinator,legacy title expression (4222 chars) + ICP filters,not_recorded,2026-09-05T11:37:46Z -> 2026-09-06T11:37:46Z,not_recorded,not_recorded,not_recorded,not_recorded,not_recorded,not_recorded,not_recorded,not_recorded,not_recorded,not_recorded,not_recorded,2,not_recorded,repo acceptance/evidence/20260906-maintenance/inventory_probe.json,0 job credits; count endpoint
provider count (count endpoint),inventory probe 2026-09-06T11:37:46Z,2026-09-06T11:37:46Z,not_recorded,UTC,legacy measurement,not_recorded,ats,legacy title expression (4222 chars) + ICP filters,not_recorded,2026-09-05T11:37:46Z -> 2026-09-06T11:37:46Z,not_recorded,not_recorded,not_recorded,not_recorded,not_recorded,not_recorded,not_recorded,not_recorded,not_recorded,not_recorded,not_recorded,111,not_recorded,repo acceptance/evidence/20260906-maintenance/inventory_probe.json,0 job credits; count endpoint
provider count (count endpoint),inventory probe 2026-09-06T11:37:46Z,2026-09-06T11:37:46Z,not_recorded,UTC,legacy measurement,not_recorded,active-jb union + active-ats,same filters WITHOUT title expression,not_recorded,2026-09-05T11:37:46Z -> 2026-09-06T11:37:46Z,not_recorded,not_recorded,not_recorded,not_recorded,not_recorded,not_recorded,not_recorded,not_recorded,not_recorded,not_recorded,not_recorded,jb=5633; ats=2708; total=8341,not_recorded,repo acceptance/evidence/20260906-maintenance/inventory_probe.json,0 job credits
provider count (count endpoint),inventory probe 2026-09-06T11:37:46Z,2026-09-06T11:37:46Z,not_recorded,UTC,legacy measurement,not_recorded,linkedin,legacy title expression (4222 chars) + ICP filters,not_recorded,2026-09-04T11:37:46Z -> 2026-09-05T11:37:46Z,not_recorded,not_recorded,not_recorded,not_recorded,not_recorded,not_recorded,not_recorded,not_recorded,not_recorded,not_recorded,not_recorded,1159,not_recorded,repo acceptance/evidence/20260906-maintenance/inventory_probe.json,0 job credits; count endpoint
provider count (count endpoint),inventory probe 2026-09-06T11:37:46Z,2026-09-06T11:37:46Z,not_recorded,UTC,legacy measurement,not_recorded,wellfound,legacy title expression (4222 chars) + ICP filters,not_recorded,2026-09-04T11:37:46Z -> 2026-09-05T11:37:46Z,not_recorded,not_recorded,not_recorded,not_recorded,not_recorded,not_recorded,not_recorded,not_recorded,not_recorded,not_recorded,not_recorded,30,not_recorded,repo acceptance/evidence/20260906-maintenance/inventory_probe.json,0 job credits; count endpoint
provider count (count endpoint),inventory probe 2026-09-06T11:37:46Z,2026-09-06T11:37:46Z,not_recorded,UTC,legacy measurement,not_recorded,ycombinator,legacy title expression (4222 chars) + ICP filters,not_recorded,2026-09-04T11:37:46Z -> 2026-09-05T11:37:46Z,not_recorded,not_recorded,not_recorded,not_recorded,not_recorded,not_recorded,not_recorded,not_recorded,not_recorded,not_recorded,not_recorded,12,not_recorded,repo acceptance/evidence/20260906-maintenance/inventory_probe.json,0 job credits; count endpoint
provider count (count endpoint),inventory probe 2026-09-06T11:37:46Z,2026-09-06T11:37:46Z,not_recorded,UTC,legacy measurement,not_recorded,ats,legacy title expression (4222 chars) + ICP filters,not_recorded,2026-09-04T11:37:46Z -> 2026-09-05T11:37:46Z,not_recorded,not_recorded,not_recorded,not_recorded,not_recorded,not_recorded,not_recorded,not_recorded,not_recorded,not_recorded,not_recorded,1161,not_recorded,repo acceptance/evidence/20260906-maintenance/inventory_probe.json,0 job credits; count endpoint
provider count (count endpoint),inventory probe 2026-09-06T11:37:46Z,2026-09-06T11:37:46Z,not_recorded,UTC,legacy measurement,not_recorded,active-jb union + active-ats,same filters WITHOUT title expression,not_recorded,2026-09-04T11:37:46Z -> 2026-09-05T11:37:46Z,not_recorded,not_recorded,not_recorded,not_recorded,not_recorded,not_recorded,not_recorded,not_recorded,not_recorded,not_recorded,not_recorded,jb=15278; ats=21774; total=37052,not_recorded,repo acceptance/evidence/20260906-maintenance/inventory_probe.json,0 job credits
provider count (count endpoint),inventory probe 2026-09-06T11:37:46Z,2026-09-06T11:37:46Z,not_recorded,UTC,legacy measurement,not_recorded,linkedin,legacy title expression (4222 chars) + ICP filters,not_recorded,2026-09-03T11:37:46Z -> 2026-09-04T11:37:46Z,not_recorded,not_recorded,not_recorded,not_recorded,not_recorded,not_recorded,not_recorded,not_recorded,not_recorded,not_recorded,not_recorded,1266,not_recorded,repo acceptance/evidence/20260906-maintenance/inventory_probe.json,0 job credits; count endpoint
provider count (count endpoint),inventory probe 2026-09-06T11:37:46Z,2026-09-06T11:37:46Z,not_recorded,UTC,legacy measurement,not_recorded,wellfound,legacy title expression (4222 chars) + ICP filters,not_recorded,2026-09-03T11:37:46Z -> 2026-09-04T11:37:46Z,not_recorded,not_recorded,not_recorded,not_recorded,not_recorded,not_recorded,not_recorded,not_recorded,not_recorded,not_recorded,not_recorded,28,not_recorded,repo acceptance/evidence/20260906-maintenance/inventory_probe.json,0 job credits; count endpoint
provider count (count endpoint),inventory probe 2026-09-06T11:37:46Z,2026-09-06T11:37:46Z,not_recorded,UTC,legacy measurement,not_recorded,ycombinator,legacy title expression (4222 chars) + ICP filters,not_recorded,2026-09-03T11:37:46Z -> 2026-09-04T11:37:46Z,not_recorded,not_recorded,not_recorded,not_recorded,not_recorded,not_recorded,not_recorded,not_recorded,not_recorded,not_recorded,not_recorded,10,not_recorded,repo acceptance/evidence/20260906-maintenance/inventory_probe.json,0 job credits; count endpoint
provider count (count endpoint),inventory probe 2026-09-06T11:37:46Z,2026-09-06T11:37:46Z,not_recorded,UTC,legacy measurement,not_recorded,ats,legacy title expression (4222 chars) + ICP filters,not_recorded,2026-09-03T11:37:46Z -> 2026-09-04T11:37:46Z,not_recorded,not_recorded,not_recorded,not_recorded,not_recorded,not_recorded,not_recorded,not_recorded,not_recorded,not_recorded,not_recorded,1076,not_recorded,repo acceptance/evidence/20260906-maintenance/inventory_probe.json,0 job credits; count endpoint
provider count (count endpoint),inventory probe 2026-09-06T11:37:46Z,2026-09-06T11:37:46Z,not_recorded,UTC,legacy measurement,not_recorded,active-jb union + active-ats,same filters WITHOUT title expression,not_recorded,2026-09-03T11:37:46Z -> 2026-09-04T11:37:46Z,not_recorded,not_recorded,not_recorded,not_recorded,not_recorded,not_recorded,not_recorded,not_recorded,not_recorded,not_recorded,not_recorded,jb=16827; ats=16118; total=32945,not_recorded,repo acceptance/evidence/20260906-maintenance/inventory_probe.json,0 job credits
provider count (count endpoint),inventory probe 2026-09-06T11:37:46Z,2026-09-06T11:37:46Z,not_recorded,UTC,legacy measurement,not_recorded,linkedin,legacy title expression (4222 chars) + ICP filters,not_recorded,2026-09-02T11:37:46Z -> 2026-09-03T11:37:46Z,not_recorded,not_recorded,not_recorded,not_recorded,not_recorded,not_recorded,not_recorded,not_recorded,not_recorded,not_recorded,not_recorded,1437,not_recorded,repo acceptance/evidence/20260906-maintenance/inventory_probe.json,0 job credits; count endpoint
provider count (count endpoint),inventory probe 2026-09-06T11:37:46Z,2026-09-06T11:37:46Z,not_recorded,UTC,legacy measurement,not_recorded,wellfound,legacy title expression (4222 chars) + ICP filters,not_recorded,2026-09-02T11:37:46Z -> 2026-09-03T11:37:46Z,not_recorded,not_recorded,not_recorded,not_recorded,not_recorded,not_recorded,not_recorded,not_recorded,not_recorded,not_recorded,not_recorded,30,not_recorded,repo acceptance/evidence/20260906-maintenance/inventory_probe.json,0 job credits; count endpoint
provider count (count endpoint),inventory probe 2026-09-06T11:37:46Z,2026-09-06T11:37:46Z,not_recorded,UTC,legacy measurement,not_recorded,ycombinator,legacy title expression (4222 chars) + ICP filters,not_recorded,2026-09-02T11:37:46Z -> 2026-09-03T11:37:46Z,not_recorded,not_recorded,not_recorded,not_recorded,not_recorded,not_recorded,not_recorded,not_recorded,not_recorded,not_recorded,not_recorded,9,not_recorded,repo acceptance/evidence/20260906-maintenance/inventory_probe.json,0 job credits; count endpoint
provider count (count endpoint),inventory probe 2026-09-06T11:37:46Z,2026-09-06T11:37:46Z,not_recorded,UTC,legacy measurement,not_recorded,ats,legacy title expression (4222 chars) + ICP filters,not_recorded,2026-09-02T11:37:46Z -> 2026-09-03T11:37:46Z,not_recorded,not_recorded,not_recorded,not_recorded,not_recorded,not_recorded,not_recorded,not_recorded,not_recorded,not_recorded,not_recorded,1108,not_recorded,repo acceptance/evidence/20260906-maintenance/inventory_probe.json,0 job credits; count endpoint
provider count (count endpoint),inventory probe 2026-09-06T11:37:46Z,2026-09-06T11:37:46Z,not_recorded,UTC,legacy measurement,not_recorded,active-jb union + active-ats,same filters WITHOUT title expression,not_recorded,2026-09-02T11:37:46Z -> 2026-09-03T11:37:46Z,not_recorded,not_recorded,not_recorded,not_recorded,not_recorded,not_recorded,not_recorded,not_recorded,not_recorded,not_recorded,not_recorded,jb=18355; ats=16711; total=35066,not_recorded,repo acceptance/evidence/20260906-maintenance/inventory_probe.json,0 job credits
provider count (count endpoint),inventory probe 2026-09-06T11:37:46Z,2026-09-06T11:37:46Z,not_recorded,UTC,legacy measurement,not_recorded,linkedin,legacy title expression (4222 chars) + ICP filters,not_recorded,2026-09-01T11:37:46Z -> 2026-09-02T11:37:46Z,not_recorded,not_recorded,not_recorded,not_recorded,not_recorded,not_recorded,not_recorded,not_recorded,not_recorded,not_recorded,not_recorded,1571,not_recorded,repo acceptance/evidence/20260906-maintenance/inventory_probe.json,0 job credits; count endpoint
provider count (count endpoint),inventory probe 2026-09-06T11:37:46Z,2026-09-06T11:37:46Z,not_recorded,UTC,legacy measurement,not_recorded,wellfound,legacy title expression (4222 chars) + ICP filters,not_recorded,2026-09-01T11:37:46Z -> 2026-09-02T11:37:46Z,not_recorded,not_recorded,not_recorded,not_recorded,not_recorded,not_recorded,not_recorded,not_recorded,not_recorded,not_recorded,not_recorded,28,not_recorded,repo acceptance/evidence/20260906-maintenance/inventory_probe.json,0 job credits; count endpoint
provider count (count endpoint),inventory probe 2026-09-06T11:37:46Z,2026-09-06T11:37:46Z,not_recorded,UTC,legacy measurement,not_recorded,ycombinator,legacy title expression (4222 chars) + ICP filters,not_recorded,2026-09-01T11:37:46Z -> 2026-09-02T11:37:46Z,not_recorded,not_recorded,not_recorded,not_recorded,not_recorded,not_recorded,not_recorded,not_recorded,not_recorded,not_recorded,not_recorded,7,not_recorded,repo acceptance/evidence/20260906-maintenance/inventory_probe.json,0 job credits; count endpoint
provider count (count endpoint),inventory probe 2026-09-06T11:37:46Z,2026-09-06T11:37:46Z,not_recorded,UTC,legacy measurement,not_recorded,ats,legacy title expression (4222 chars) + ICP filters,not_recorded,2026-09-01T11:37:46Z -> 2026-09-02T11:37:46Z,not_recorded,not_recorded,not_recorded,not_recorded,not_recorded,not_recorded,not_recorded,not_recorded,not_recorded,not_recorded,not_recorded,1291,not_recorded,repo acceptance/evidence/20260906-maintenance/inventory_probe.json,0 job credits; count endpoint
provider count (count endpoint),inventory probe 2026-09-06T11:37:46Z,2026-09-06T11:37:46Z,not_recorded,UTC,legacy measurement,not_recorded,active-jb union + active-ats,same filters WITHOUT title expression,not_recorded,2026-09-01T11:37:46Z -> 2026-09-02T11:37:46Z,not_recorded,not_recorded,not_recorded,not_recorded,not_recorded,not_recorded,not_recorded,not_recorded,not_recorded,not_recorded,not_recorded,jb=21306; ats=18968; total=40274,not_recorded,repo acceptance/evidence/20260906-maintenance/inventory_probe.json,0 job credits
provider count (count endpoint),capacity probe 2026-09-06,not_recorded,not_recorded,UTC,legacy measurement,not_recorded,LinkedIn,"LinkedIn + legacy title expression (4,222 chars)",not_recorded,24h window ending ~2026-09-06T08:30Z,not_recorded,not_recorded,not_recorded,not_recorded,not_recorded,not_recorded,not_recorded,not_recorded,not_recorded,not_recorded,not_recorded,361,not_recorded,repo acceptance/ACQUISITION_CAPACITY_2026-09-06.md section 2,Over the run's 5.3-day window the titled count returned HTTP 504 (count timed out)
provider count (count endpoint),capacity probe 2026-09-06,not_recorded,not_recorded,UTC,legacy measurement,not_recorded,LinkedIn,"LinkedIn, same firmographic filters, no title expression",not_recorded,24h window ending ~2026-09-06T08:30Z,not_recorded,not_recorded,not_recorded,not_recorded,not_recorded,not_recorded,not_recorded,not_recorded,not_recorded,not_recorded,not_recorded,5511,not_recorded,repo acceptance/ACQUISITION_CAPACITY_2026-09-06.md section 2,Over the run's 5.3-day window the titled count returned HTTP 504 (count timed out)
provider count (count endpoint),capacity probe 2026-09-06,not_recorded,not_recorded,UTC,legacy measurement,not_recorded,ATS,ATS + legacy title expression,not_recorded,24h window ending ~2026-09-06T08:30Z,not_recorded,not_recorded,not_recorded,not_recorded,not_recorded,not_recorded,not_recorded,not_recorded,not_recorded,not_recorded,not_recorded,520,not_recorded,repo acceptance/ACQUISITION_CAPACITY_2026-09-06.md section 2,Over the run's 5.3-day window the titled count returned HTTP 504 (count timed out)
